site,plot,treatment,sp,ID,plantings,age,flag,background,background_sp,background_density,density_level,survival,fungicide,focal,foc,bg,plotf,early_aug_severity,jul_severity,jun_severity,late_aug_severity,may_severity
D1,1,fungicide,Ev,1,2,seedling,red,none,none,0,none,0,1,Ev seedling,s,none,D11f,NA,NA,0.2481643008323972,0.18311857097255427,NA
D1,5,water,Mv,3,2,seedling,blue,Ev seedling,Ev,4,low,0,0,Mv,m,s,D15w,0,0,1.3369579749543206e-5,0.01489282052116733,NA
D1,8,water,Ev,1,2,seedling,blue,Ev adult,Ev,2,low,0,0,Ev seedling,s,a,D18w,0.195186848767754,0.0746474937330687,0.01310072002679169,0.4141582800436373,NA
D1,9,water,Ev,2,2,seedling,blue,Ev adult,Ev,4,medium,0,0,Ev seedling,s,a,D19w,0.23893191137810563,0.03187578090282829,0.04808216068996823,0.3505132748024294,NA
D1,10,water,Ev,2,2,seedling,blue,Ev adult,Ev,8,high,0,0,Ev seedling,s,a,D110w,0.0195523610503571,0.05567320846384963,0.12931606542872354,0.3230516062570826,NA
D2,4,water,Ev,1,2,seedling,blue,Mv,Mv,64,high,0,0,Ev seedling,s,m,D24w,0.18646771613298344,0.03215174712072385,0.01554190003746215,0.4558366308648954,NA
D2,4,water,Ev,3,2,seedling,blue,Mv,Mv,64,high,0,0,Ev seedling,s,m,D24w,0.18646771613298344,0.03215174712072385,0.01554190003746215,0.4558366308648954,NA
D2,6,fungicide,Ev,A,2,adult,red,Ev seedling,Ev,8,medium,0,1,Ev adult,a,s,D26f,NA,0.01275337696232668,0.00319745171175633,NA,1.3426839218764523e-4
D2,10,fungicide,Ev,A,2,adult,red,Ev adult,Ev,8,high,0,1,Ev adult,a,a,D210f,NA,0.00565480137154981,0.31810649170856925,0.9624181963288108,0.00660311525530209
D4,1,water,Ev,A,4,adult,blue,none,none,0,none,0,0,Ev adult,a,none,D41w,NA,NA,NA,NA,0.12753205589972627
D4,1,water,Mv,3,2,seedling,blue,none,none,0,none,0,0,Mv,m,none,D41w,0.00560847072474979,0.00316472722241864,0.17322522967668988,0.16257070768729906,NA
D4,2,water,Ev,3,2,seedling,blue,Mv,Mv,4,low,0,0,Ev seedling,s,m,D42w,0.3309598963370654,0.1272896618770948,0.05958064468124806,0.4119346964173175,NA
D4,4,water,Ev,A,2,adult,blue,Mv,Mv,64,high,0,0,Ev adult,a,m,D44w,NA,NA,0.20144225278579936,NA,9.199269684889848e-4
D4,5,fungicide,Ev,A,2,adult,red,Ev seedling,Ev,4,low,0,1,Ev adult,a,s,D45f,NA,0.02271161530335736,0.2158867571361722,NA,0.00265175415805774
D4,5,water,Ev,1,2,seedling,blue,Ev seedling,Ev,4,low,0,0,Ev seedling,s,s,D45w,0.00943815911510257,0.19228586718627916,0.2664590826320785,0.6651403815789072,NA
D4,9,water,Ev,1,2,seedling,blue,Ev adult,Ev,4,medium,0,0,Ev seedling,s,a,D49w,0.12324069082367438,0.28981142089717543,0.16087379702494622,0.10411177367910138,NA
D4,9,water,Ev,2,2,seedling,blue,Ev adult,Ev,4,medium,0,0,Ev seedling,s,a,D49w,0.12324069082367438,0.28981142089717543,0.16087379702494622,0.10411177367910138,NA
D4,10,water,Ev,A,2,adult,blue,Ev adult,Ev,8,high,0,0,Ev adult,a,a,D410w,NA,NA,0.27347853179430875,NA,0.0242698175736227
D1,1,water,Mv,1,1,seedling,blue,none,none,0,none,1,0,Mv,m,none,D11w,0.00117119031178626,1.839317577113841e-5,0.00320404842294744,0.16693461253639813,NA
D1,1,water,Mv,2,1,seedling,blue,none,none,0,none,1,0,Mv,m,none,D11w,0.00117119031178626,1.839317577113841e-5,0.00320404842294744,0.16693461253639813,NA
D1,1,water,Mv,3,1,seedling,blue,none,none,0,none,1,0,Mv,m,none,D11w,0.00117119031178626,1.839317577113841e-5,0.00320404842294744,0.16693461253639813,NA
D2,1,water,Mv,1,1,seedling,blue,none,none,0,none,1,0,Mv,m,none,D21w,8.603102952210884e-5,1.7724626907262744e-5,2.168182977637956e-5,0.11006928773899234,NA
D2,1,water,Mv,2,1,seedling,blue,none,none,0,none,1,0,Mv,m,none,D21w,8.603102952210884e-5,1.7724626907262744e-5,2.168182977637956e-5,0.11006928773899234,NA
D2,1,water,Mv,3,1,seedling,blue,none,none,0,none,1,0,Mv,m,none,D21w,8.603102952210884e-5,1.7724626907262744e-5,2.168182977637956e-5,0.11006928773899234,NA
D3,1,water,Mv,1,1,seedling,blue,none,none,0,none,1,0,Mv,m,none,D31w,0.050602257886373,3.512272432370997e-4,0.0066555437678871,0.07342447494129183,NA
D3,1,water,Mv,2,1,seedling,blue,none,none,0,none,1,0,Mv,m,none,D31w,0.050602257886373,3.512272432370997e-4,0.0066555437678871,0.07342447494129183,NA
D3,1,water,Mv,3,1,seedling,blue,none,none,0,none,1,0,Mv,m,none,D31w,0.050602257886373,3.512272432370997e-4,0.0066555437678871,0.07342447494129183,NA
D4,1,water,Mv,1,1,seedling,blue,none,none,0,none,1,0,Mv,m,none,D41w,0.00560847072474979,0.00316472722241864,0.17322522967668988,0.16257070768729906,NA
D4,1,water,Mv,2,1,seedling,blue,none,none,0,none,1,0,Mv,m,none,D41w,0.00560847072474979,0.00316472722241864,0.17322522967668988,0.16257070768729906,NA
D1,2,water,Mv,1,1,seedling,blue,Mv,Mv,4,low,1,0,Mv,m,m,D12w,0.00544928403773645,2.4065477340057e-4,3.2312249163343553e-4,0.151509585404254,NA
D1,2,water,Mv,2,1,seedling,blue,Mv,Mv,4,low,1,0,Mv,m,m,D12w,0.00544928403773645,2.4065477340057e-4,3.2312249163343553e-4,0.151509585404254,NA
D1,2,water,Mv,3,1,seedling,blue,Mv,Mv,4,low,1,0,Mv,m,m,D12w,0.00544928403773645,2.4065477340057e-4,3.2312249163343553e-4,0.151509585404254,NA
D2,2,water,Mv,1,1,seedling,blue,Mv,Mv,4,low,1,0,Mv,m,m,D22w,0.06060011638679862,0.00549360452606462,8.45764281999713e-5,0.4105274109252029,NA
D2,2,water,Mv,2,1,seedling,blue,Mv,Mv,4,low,1,0,Mv,m,m,D22w,0.06060011638679862,0.00549360452606462,8.45764281999713e-5,0.4105274109252029,NA
D2,2,water,Mv,3,1,seedling,blue,Mv,Mv,4,low,1,0,Mv,m,m,D22w,0.06060011638679862,0.00549360452606462,8.45764281999713e-5,0.4105274109252029,NA
D3,2,water,Mv,1,1,seedling,blue,Mv,Mv,4,low,1,0,Mv,m,m,D32w,0.1298656559767929,0.00124107786098717,0.02734885907876975,0.07996359340760247,NA
D3,2,water,Mv,2,1,seedling,blue,Mv,Mv,4,low,1,0,Mv,m,m,D32w,0.1298656559767929,0.00124107786098717,0.02734885907876975,0.07996359340760247,NA
D3,2,water,Mv,3,1,seedling,blue,Mv,Mv,4,low,1,0,Mv,m,m,D32w,0.1298656559767929,0.00124107786098717,0.02734885907876975,0.07996359340760247,NA
D4,2,water,Mv,1,1,seedling,blue,Mv,Mv,4,low,1,0,Mv,m,m,D42w,0.25984234012538776,0.0012984068125764,6.25602851866542e-5,0.33719313295630254,NA
D4,2,water,Mv,2,1,seedling,blue,Mv,Mv,4,low,1,0,Mv,m,m,D42w,0.25984234012538776,0.0012984068125764,6.25602851866542e-5,0.33719313295630254,NA
D4,2,water,Mv,3,1,seedling,blue,Mv,Mv,4,low,1,0,Mv,m,m,D42w,0.25984234012538776,0.0012984068125764,6.25602851866542e-5,0.33719313295630254,NA
D1,3,water,Mv,1,1,seedling,blue,Mv,Mv,16,medium,1,0,Mv,m,m,D13w,0.01119688273267435,7.217537904193529e-4,4.8580794541123193e-4,0.17646673421299555,NA
D1,3,water,Mv,2,1,seedling,blue,Mv,Mv,16,medium,1,0,Mv,m,m,D13w,0.01119688273267435,7.217537904193529e-4,4.8580794541123193e-4,0.17646673421299555,NA
D1,3,water,Mv,3,1,seedling,blue,Mv,Mv,16,medium,1,0,Mv,m,m,D13w,0.01119688273267435,7.217537904193529e-4,4.8580794541123193e-4,0.17646673421299555,NA
D2,3,water,Mv,1,1,seedling,blue,Mv,Mv,16,medium,1,0,Mv,m,m,D23w,3.369750070867644e-4,0,9.956949494703816e-5,0.1379657622839689,NA
D2,3,water,Mv,2,1,seedling,blue,Mv,Mv,16,medium,1,0,Mv,m,m,D23w,3.369750070867644e-4,0,9.956949494703816e-5,0.1379657622839689,NA
D2,3,water,Mv,3,1,seedling,blue,Mv,Mv,16,medium,1,0,Mv,m,m,D23w,3.369750070867644e-4,0,9.956949494703816e-5,0.1379657622839689,NA
D3,3,water,Mv,1,1,seedling,blue,Mv,Mv,16,medium,1,0,Mv,m,m,D33w,0.03001747411877121,1.0196310738688787e-4,0.00130326851468762,0.1940652116869584,NA
D3,3,water,Mv,2,1,seedling,blue,Mv,Mv,16,medium,1,0,Mv,m,m,D33w,0.03001747411877121,1.0196310738688787e-4,0.00130326851468762,0.1940652116869584,NA
D3,3,water,Mv,3,1,seedling,blue,Mv,Mv,16,medium,1,0,Mv,m,m,D33w,0.03001747411877121,1.0196310738688787e-4,0.00130326851468762,0.1940652116869584,NA
D4,3,water,Mv,1,1,seedling,blue,Mv,Mv,16,medium,1,0,Mv,m,m,D43w,0.502865010005395,0.00139351545695888,9.94844226393824e-5,0.812996278770616,NA
D4,3,water,Mv,2,1,seedling,blue,Mv,Mv,16,medium,1,0,Mv,m,m,D43w,0.502865010005395,0.00139351545695888,9.94844226393824e-5,0.812996278770616,NA
D4,3,water,Mv,3,1,seedling,blue,Mv,Mv,16,medium,1,0,Mv,m,m,D43w,0.502865010005395,0.00139351545695888,9.94844226393824e-5,0.812996278770616,NA
D1,4,water,Mv,1,1,seedling,blue,Mv,Mv,64,high,1,0,Mv,m,m,D14w,1.4476033667477954e-4,2.5111206772851197e-6,2.1692609420673835e-4,0.00596368835260555,NA
D1,4,water,Mv,2,1,seedling,blue,Mv,Mv,64,high,1,0,Mv,m,m,D14w,1.4476033667477954e-4,2.5111206772851197e-6,2.1692609420673835e-4,0.00596368835260555,NA
D1,4,water,Mv,3,1,seedling,blue,Mv,Mv,64,high,1,0,Mv,m,m,D14w,1.4476033667477954e-4,2.5111206772851197e-6,2.1692609420673835e-4,0.00596368835260555,NA
D2,4,water,Mv,1,1,seedling,blue,Mv,Mv,64,high,1,0,Mv,m,m,D24w,0.00104340392204666,3.1179215742126295e-4,7.858977324626179e-4,0.21945376422438756,NA
D2,4,water,Mv,2,1,seedling,blue,Mv,Mv,64,high,1,0,Mv,m,m,D24w,0.00104340392204666,3.1179215742126295e-4,7.858977324626179e-4,0.21945376422438756,NA
D2,4,water,Mv,3,1,seedling,blue,Mv,Mv,64,high,1,0,Mv,m,m,D24w,0.00104340392204666,3.1179215742126295e-4,7.858977324626179e-4,0.21945376422438756,NA
D3,4,water,Mv,1,1,seedling,blue,Mv,Mv,64,high,1,0,Mv,m,m,D34w,0.02097621458579069,5.680362789575138e-4,0.00941054390151824,0.2121201701203511,NA
D3,4,water,Mv,2,1,seedling,blue,Mv,Mv,64,high,1,0,Mv,m,m,D34w,0.02097621458579069,5.680362789575138e-4,0.00941054390151824,0.2121201701203511,NA
D3,4,water,Mv,3,1,seedling,blue,Mv,Mv,64,high,1,0,Mv,m,m,D34w,0.02097621458579069,5.680362789575138e-4,0.00941054390151824,0.2121201701203511,NA
D4,4,water,Mv,1,1,seedling,blue,Mv,Mv,64,high,1,0,Mv,m,m,D44w,0.1419757943387969,2.2694604042820975e-4,0.02547563622016176,0.8378630670181831,NA
D4,4,water,Mv,2,1,seedling,blue,Mv,Mv,64,high,1,0,Mv,m,m,D44w,0.1419757943387969,2.2694604042820975e-4,0.02547563622016176,0.8378630670181831,NA
D4,4,water,Mv,3,1,seedling,blue,Mv,Mv,64,high,1,0,Mv,m,m,D44w,0.1419757943387969,2.2694604042820975e-4,0.02547563622016176,0.8378630670181831,NA
D1,5,water,Mv,1,1,seedling,blue,Ev seedling,Ev,4,low,1,0,Mv,m,s,D15w,0,0,1.3369579749543206e-5,0.01489282052116733,NA
D1,5,water,Mv,2,1,seedling,blue,Ev seedling,Ev,4,low,1,0,Mv,m,s,D15w,0,0,1.3369579749543206e-5,0.01489282052116733,NA
D2,5,water,Mv,1,1,seedling,blue,Ev seedling,Ev,4,low,1,0,Mv,m,s,D25w,0.01143447147808497,5.082114749057165e-4,0.0026332927485347,0.22335145768224623,NA
D2,5,water,Mv,2,1,seedling,blue,Ev seedling,Ev,4,low,1,0,Mv,m,s,D25w,0.01143447147808497,5.082114749057165e-4,0.0026332927485347,0.22335145768224623,NA
D2,5,water,Mv,3,1,seedling,blue,Ev seedling,Ev,4,low,1,0,Mv,m,s,D25w,0.01143447147808497,5.082114749057165e-4,0.0026332927485347,0.22335145768224623,NA
D3,5,water,Mv,1,1,seedling,blue,Ev seedling,Ev,4,low,1,0,Mv,m,s,D35w,0.08089536378144255,0.00133731316890328,0.02072080355525835,0.29046804606818327,NA
D3,5,water,Mv,2,1,seedling,blue,Ev seedling,Ev,4,low,1,0,Mv,m,s,D35w,0.08089536378144255,0.00133731316890328,0.02072080355525835,0.29046804606818327,NA
D3,5,water,Mv,3,1,seedling,blue,Ev seedling,Ev,4,low,1,0,Mv,m,s,D35w,0.08089536378144255,0.00133731316890328,0.02072080355525835,0.29046804606818327,NA
D4,5,water,Mv,1,1,seedling,blue,Ev seedling,Ev,4,low,1,0,Mv,m,s,D45w,0.01258714355387616,0.00431753671506757,0.01996961281243384,0.1774518442622951,NA
D4,5,water,Mv,2,1,seedling,blue,Ev seedling,Ev,4,low,1,0,Mv,m,s,D45w,0.01258714355387616,0.00431753671506757,0.01996961281243384,0.1774518442622951,NA
D4,5,water,Mv,3,1,seedling,blue,Ev seedling,Ev,4,low,1,0,Mv,m,s,D45w,0.01258714355387616,0.00431753671506757,0.01996961281243384,0.1774518442622951,NA
D1,6,water,Mv,1,1,seedling,blue,Ev seedling,Ev,8,medium,1,0,Mv,m,s,D16w,0.00152649732489457,0,0.00635032986324596,0.1733143301373413,NA
D1,6,water,Mv,2,1,seedling,blue,Ev seedling,Ev,8,medium,1,0,Mv,m,s,D16w,0.00152649732489457,0,0.00635032986324596,0.1733143301373413,NA
D1,6,water,Mv,3,1,seedling,blue,Ev seedling,Ev,8,medium,1,0,Mv,m,s,D16w,0.00152649732489457,0,0.00635032986324596,0.1733143301373413,NA
D2,6,water,Mv,1,1,seedling,blue,Ev seedling,Ev,8,medium,1,0,Mv,m,s,D26w,0.0032589524919684,0.00332499456892435,6.691224675770727e-4,0.28715779429211635,NA
D2,6,water,Mv,2,1,seedling,blue,Ev seedling,Ev,8,medium,1,0,Mv,m,s,D26w,0.0032589524919684,0.00332499456892435,6.691224675770727e-4,0.28715779429211635,NA
D2,6,water,Mv,3,1,seedling,blue,Ev seedling,Ev,8,medium,1,0,Mv,m,s,D26w,0.0032589524919684,0.00332499456892435,6.691224675770727e-4,0.28715779429211635,NA
D3,6,water,Mv,1,1,seedling,blue,Ev seedling,Ev,8,medium,1,0,Mv,m,s,D36w,0.05136608645738518,1.3859388722986597e-4,0.00148291857709632,0.07505299004907023,NA
D3,6,water,Mv,2,1,seedling,blue,Ev seedling,Ev,8,medium,1,0,Mv,m,s,D36w,0.05136608645738518,1.3859388722986597e-4,0.00148291857709632,0.07505299004907023,NA
D3,6,water,Mv,3,1,seedling,blue,Ev seedling,Ev,8,medium,1,0,Mv,m,s,D36w,0.05136608645738518,1.3859388722986597e-4,0.00148291857709632,0.07505299004907023,NA
D4,6,water,Mv,1,1,seedling,blue,Ev seedling,Ev,8,medium,1,0,Mv,m,s,D46w,0.00890926851645991,6.372834133976721e-6,0.01763908789719717,0.2245354893598416,NA
D4,6,water,Mv,2,1,seedling,blue,Ev seedling,Ev,8,medium,1,0,Mv,m,s,D46w,0.00890926851645991,6.372834133976721e-6,0.01763908789719717,0.2245354893598416,NA
D4,6,water,Mv,3,1,seedling,blue,Ev seedling,Ev,8,medium,1,0,Mv,m,s,D46w,0.00890926851645991,6.372834133976721e-6,0.01763908789719717,0.2245354893598416,NA
D1,7,water,Mv,1,1,seedling,blue,Ev seedling,Ev,16,high,1,0,Mv,m,s,D17w,0.0016722461959221,1.2376968220849247e-4,3.542089674182051e-4,0.1709316660224876,NA
D1,7,water,Mv,2,1,seedling,blue,Ev seedling,Ev,16,high,1,0,Mv,m,s,D17w,0.0016722461959221,1.2376968220849247e-4,3.542089674182051e-4,0.1709316660224876,NA
D1,7,water,Mv,3,1,seedling,blue,Ev seedling,Ev,16,high,1,0,Mv,m,s,D17w,0.0016722461959221,1.2376968220849247e-4,3.542089674182051e-4,0.1709316660224876,NA
D2,7,water,Mv,1,1,seedling,blue,Ev seedling,Ev,16,high,1,0,Mv,m,s,D27w,0.010779161616943,0.00335571763591517,0.00314347059618185,0.28333611286279375,NA
D2,7,water,Mv,2,1,seedling,blue,Ev seedling,Ev,16,high,1,0,Mv,m,s,D27w,0.010779161616943,0.00335571763591517,0.00314347059618185,0.28333611286279375,NA
D2,7,water,Mv,3,1,seedling,blue,Ev seedling,Ev,16,high,1,0,Mv,m,s,D27w,0.010779161616943,0.00335571763591517,0.00314347059618185,0.28333611286279375,NA
D3,7,water,Mv,1,1,seedling,blue,Ev seedling,Ev,16,high,1,0,Mv,m,s,D37w,0.03125625301616074,2.014820794554437e-5,0.002761785077593,0.00770534902293889,NA
D3,7,water,Mv,2,1,seedling,blue,Ev seedling,Ev,16,high,1,0,Mv,m,s,D37w,0.03125625301616074,2.014820794554437e-5,0.002761785077593,0.00770534902293889,NA
D3,7,water,Mv,3,1,seedling,blue,Ev seedling,Ev,16,high,1,0,Mv,m,s,D37w,0.03125625301616074,2.014820794554437e-5,0.002761785077593,0.00770534902293889,NA
D4,7,water,Mv,1,1,seedling,blue,Ev seedling,Ev,16,high,1,0,Mv,m,s,D47w,0.4657120548531894,0.01015395430579965,0.04079398445277003,0.836420962798099,NA
D4,7,water,Mv,2,1,seedling,blue,Ev seedling,Ev,16,high,1,0,Mv,m,s,D47w,0.4657120548531894,0.01015395430579965,0.04079398445277003,0.836420962798099,NA
D4,7,water,Mv,3,1,seedling,blue,Ev seedling,Ev,16,high,1,0,Mv,m,s,D47w,0.4657120548531894,0.01015395430579965,0.04079398445277003,0.836420962798099,NA
D1,8,water,Mv,1,1,seedling,blue,Ev adult,Ev,2,low,1,0,Mv,m,a,D18w,0.00905523137766655,1.74021201880167e-4,0.00249088644232354,0.17105843999417933,NA
D1,8,water,Mv,2,1,seedling,blue,Ev adult,Ev,2,low,1,0,Mv,m,a,D18w,0.00905523137766655,1.74021201880167e-4,0.00249088644232354,0.17105843999417933,NA
D1,8,water,Mv,3,1,seedling,blue,Ev adult,Ev,2,low,1,0,Mv,m,a,D18w,0.00905523137766655,1.74021201880167e-4,0.00249088644232354,0.17105843999417933,NA
D2,8,water,Mv,1,1,seedling,blue,Ev adult,Ev,2,low,1,0,Mv,m,a,D28w,0.05986984100832029,0.00664791930854083,0.00598389953511445,0.7301014540559335,NA
D2,8,water,Mv,2,1,seedling,blue,Ev adult,Ev,2,low,1,0,Mv,m,a,D28w,0.05986984100832029,0.00664791930854083,0.00598389953511445,0.7301014540559335,NA
D2,8,water,Mv,3,1,seedling,blue,Ev adult,Ev,2,low,1,0,Mv,m,a,D28w,0.05986984100832029,0.00664791930854083,0.00598389953511445,0.7301014540559335,NA
D3,8,water,Mv,1,1,seedling,blue,Ev adult,Ev,2,low,1,0,Mv,m,a,D38w,0.00175639569706784,5.072037014599013e-5,0.00156880718514531,0.10067567769822076,NA
D3,8,water,Mv,2,1,seedling,blue,Ev adult,Ev,2,low,1,0,Mv,m,a,D38w,0.00175639569706784,5.072037014599013e-5,0.00156880718514531,0.10067567769822076,NA
D3,8,water,Mv,3,1,seedling,blue,Ev adult,Ev,2,low,1,0,Mv,m,a,D38w,0.00175639569706784,5.072037014599013e-5,0.00156880718514531,0.10067567769822076,NA
D4,8,water,Mv,1,1,seedling,blue,Ev adult,Ev,2,low,1,0,Mv,m,a,D48w,0.22250970042818397,0.00295922857918738,0.00325353688032231,0.27246185419431024,NA
D4,8,water,Mv,2,1,seedling,blue,Ev adult,Ev,2,low,1,0,Mv,m,a,D48w,0.22250970042818397,0.00295922857918738,0.00325353688032231,0.27246185419431024,NA
D4,8,water,Mv,3,1,seedling,blue,Ev adult,Ev,2,low,1,0,Mv,m,a,D48w,0.22250970042818397,0.00295922857918738,0.00325353688032231,0.27246185419431024,NA
D1,9,water,Mv,1,1,seedling,blue,Ev adult,Ev,4,medium,1,0,Mv,m,a,D19w,3.7613385743884937e-4,4.6251645345416376e-5,0.02339760541474872,0.15493733747583371,NA
D1,9,water,Mv,2,1,seedling,blue,Ev adult,Ev,4,medium,1,0,Mv,m,a,D19w,3.7613385743884937e-4,4.6251645345416376e-5,0.02339760541474872,0.15493733747583371,NA
D1,9,water,Mv,3,1,seedling,blue,Ev adult,Ev,4,medium,1,0,Mv,m,a,D19w,3.7613385743884937e-4,4.6251645345416376e-5,0.02339760541474872,0.15493733747583371,NA
D2,9,water,Mv,1,1,seedling,blue,Ev adult,Ev,4,medium,1,0,Mv,m,a,D29w,0.01550224660253052,0.00169526042289255,1.355396246420385e-4,0.25163894383624175,NA
D2,9,water,Mv,2,1,seedling,blue,Ev adult,Ev,4,medium,1,0,Mv,m,a,D29w,0.01550224660253052,0.00169526042289255,1.355396246420385e-4,0.25163894383624175,NA
D2,9,water,Mv,3,1,seedling,blue,Ev adult,Ev,4,medium,1,0,Mv,m,a,D29w,0.01550224660253052,0.00169526042289255,1.355396246420385e-4,0.25163894383624175,NA
D3,9,water,Mv,1,1,seedling,blue,Ev adult,Ev,4,medium,1,0,Mv,m,a,D39w,0.04050162949212217,2.3148598176053227e-4,0.01328401048628596,0.01259091852047895,NA
D3,9,water,Mv,2,1,seedling,blue,Ev adult,Ev,4,medium,1,0,Mv,m,a,D39w,0.04050162949212217,2.3148598176053227e-4,0.01328401048628596,0.01259091852047895,NA
D3,9,water,Mv,3,1,seedling,blue,Ev adult,Ev,4,medium,1,0,Mv,m,a,D39w,0.04050162949212217,2.3148598176053227e-4,0.01328401048628596,0.01259091852047895,NA
D4,9,water,Mv,1,1,seedling,blue,Ev adult,Ev,4,medium,1,0,Mv,m,a,D49w,0.07909571198867621,0.00252151031148644,0.06301694366450689,0.3677141083545605,NA
D4,9,water,Mv,2,1,seedling,blue,Ev adult,Ev,4,medium,1,0,Mv,m,a,D49w,0.07909571198867621,0.00252151031148644,0.06301694366450689,0.3677141083545605,NA
D4,9,water,Mv,3,1,seedling,blue,Ev adult,Ev,4,medium,1,0,Mv,m,a,D49w,0.07909571198867621,0.00252151031148644,0.06301694366450689,0.3677141083545605,NA
D1,10,water,Mv,1,1,seedling,blue,Ev adult,Ev,8,high,1,0,Mv,m,a,D110w,0.02652127175817213,3.742253685767787e-5,0.00143969698906549,0.18255410260442495,NA
D1,10,water,Mv,2,1,seedling,blue,Ev adult,Ev,8,high,1,0,Mv,m,a,D110w,0.02652127175817213,3.742253685767787e-5,0.00143969698906549,0.18255410260442495,NA
D1,10,water,Mv,3,1,seedling,blue,Ev adult,Ev,8,high,1,0,Mv,m,a,D110w,0.02652127175817213,3.742253685767787e-5,0.00143969698906549,0.18255410260442495,NA
D2,10,water,Mv,1,1,seedling,blue,Ev adult,Ev,8,high,1,0,Mv,m,a,D210w,0.01932613572306321,0.00260759783972407,7.909841695129234e-6,0.33258549859492725,NA
D2,10,water,Mv,2,1,seedling,blue,Ev adult,Ev,8,high,1,0,Mv,m,a,D210w,0.01932613572306321,0.00260759783972407,7.909841695129234e-6,0.33258549859492725,NA
D2,10,water,Mv,3,1,seedling,blue,Ev adult,Ev,8,high,1,0,Mv,m,a,D210w,0.01932613572306321,0.00260759783972407,7.909841695129234e-6,0.33258549859492725,NA
D3,10,water,Mv,1,1,seedling,blue,Ev adult,Ev,8,high,1,0,Mv,m,a,D310w,0.00944257821135841,5.737127806446525e-4,0.00212287537394539,0.01284117424177011,NA
D3,10,water,Mv,2,1,seedling,blue,Ev adult,Ev,8,high,1,0,Mv,m,a,D310w,0.00944257821135841,5.737127806446525e-4,0.00212287537394539,0.01284117424177011,NA
D3,10,water,Mv,3,1,seedling,blue,Ev adult,Ev,8,high,1,0,Mv,m,a,D310w,0.00944257821135841,5.737127806446525e-4,0.00212287537394539,0.01284117424177011,NA
D4,10,water,Mv,1,1,seedling,blue,Ev adult,Ev,8,high,1,0,Mv,m,a,D410w,0.28311342963144315,0.00126383254518831,0.02108450221125917,0.61668084722591,NA
D4,10,water,Mv,2,1,seedling,blue,Ev adult,Ev,8,high,1,0,Mv,m,a,D410w,0.28311342963144315,0.00126383254518831,0.02108450221125917,0.61668084722591,NA
D4,10,water,Mv,3,1,seedling,blue,Ev adult,Ev,8,high,1,0,Mv,m,a,D410w,0.28311342963144315,0.00126383254518831,0.02108450221125917,0.61668084722591,NA
D1,1,fungicide,Mv,1,1,seedling,red,none,none,0,none,1,1,Mv,m,none,D11f,3.570539356646265e-4,6.282632179079397e-5,8.933415195901674e-6,0,NA
D1,1,fungicide,Mv,2,1,seedling,red,none,none,0,none,1,1,Mv,m,none,D11f,3.570539356646265e-4,6.282632179079397e-5,8.933415195901674e-6,0,NA
D1,1,fungicide,Mv,3,1,seedling,red,none,none,0,none,1,1,Mv,m,none,D11f,3.570539356646265e-4,6.282632179079397e-5,8.933415195901674e-6,0,NA
D2,1,fungicide,Mv,1,1,seedling,red,none,none,0,none,1,1,Mv,m,none,D21f,8.077657376076247e-4,4.170005621244012e-4,9.755540526838563e-5,0.01212934711082416,NA
D2,1,fungicide,Mv,2,1,seedling,red,none,none,0,none,1,1,Mv,m,none,D21f,8.077657376076247e-4,4.170005621244012e-4,9.755540526838563e-5,0.01212934711082416,NA
D2,1,fungicide,Mv,3,1,seedling,red,none,none,0,none,1,1,Mv,m,none,D21f,8.077657376076247e-4,4.170005621244012e-4,9.755540526838563e-5,0.01212934711082416,NA
D3,1,fungicide,Mv,1,1,seedling,red,none,none,0,none,1,1,Mv,m,none,D31f,3.514704605734838e-4,6.54972737137105e-5,6.256477666270634e-4,0.18112024131474933,NA
D3,1,fungicide,Mv,2,1,seedling,red,none,none,0,none,1,1,Mv,m,none,D31f,3.514704605734838e-4,6.54972737137105e-5,6.256477666270634e-4,0.18112024131474933,NA
D3,1,fungicide,Mv,3,1,seedling,red,none,none,0,none,1,1,Mv,m,none,D31f,3.514704605734838e-4,6.54972737137105e-5,6.256477666270634e-4,0.18112024131474933,NA
D4,1,fungicide,Mv,1,1,seedling,red,none,none,0,none,1,1,Mv,m,none,D41f,6.954380297611812e-4,4.132689021285608e-4,1.5258804413986453e-4,0.2460007610628535,NA
D4,1,fungicide,Mv,2,1,seedling,red,none,none,0,none,1,1,Mv,m,none,D41f,6.954380297611812e-4,4.132689021285608e-4,1.5258804413986453e-4,0.2460007610628535,NA
D4,1,fungicide,Mv,3,1,seedling,red,none,none,0,none,1,1,Mv,m,none,D41f,6.954380297611812e-4,4.132689021285608e-4,1.5258804413986453e-4,0.2460007610628535,NA
D1,2,fungicide,Mv,1,1,seedling,red,Mv,Mv,4,low,1,1,Mv,m,m,D12f,0.00535727677335354,8.567245450800483e-4,0.00920799032889936,0.2423432310924686,NA
D1,2,fungicide,Mv,2,1,seedling,red,Mv,Mv,4,low,1,1,Mv,m,m,D12f,0.00535727677335354,8.567245450800483e-4,0.00920799032889936,0.2423432310924686,NA
D1,2,fungicide,Mv,3,1,seedling,red,Mv,Mv,4,low,1,1,Mv,m,m,D12f,0.00535727677335354,8.567245450800483e-4,0.00920799032889936,0.2423432310924686,NA
D2,2,fungicide,Mv,1,1,seedling,red,Mv,Mv,4,low,1,1,Mv,m,m,D22f,5.0882865493653375e-5,6.257304298412085e-4,2.4238334574336064e-6,8.573041617586585e-4,NA
D2,2,fungicide,Mv,2,1,seedling,red,Mv,Mv,4,low,1,1,Mv,m,m,D22f,5.0882865493653375e-5,6.257304298412085e-4,2.4238334574336064e-6,8.573041617586585e-4,NA
D2,2,fungicide,Mv,3,1,seedling,red,Mv,Mv,4,low,1,1,Mv,m,m,D22f,5.0882865493653375e-5,6.257304298412085e-4,2.4238334574336064e-6,8.573041617586585e-4,NA
D3,2,fungicide,Mv,1,1,seedling,red,Mv,Mv,4,low,1,1,Mv,m,m,D32f,0.01809082506510606,4.084988400497639e-5,8.542477295348654e-5,0.1857289264916625,NA
D3,2,fungicide,Mv,2,1,seedling,red,Mv,Mv,4,low,1,1,Mv,m,m,D32f,0.01809082506510606,4.084988400497639e-5,8.542477295348654e-5,0.1857289264916625,NA
D3,2,fungicide,Mv,3,1,seedling,red,Mv,Mv,4,low,1,1,Mv,m,m,D32f,0.01809082506510606,4.084988400497639e-5,8.542477295348654e-5,0.1857289264916625,NA
D4,2,fungicide,Mv,1,1,seedling,red,Mv,Mv,4,low,1,1,Mv,m,m,D42f,0.00461344973460447,3.262848271847908e-4,8.34819399279695e-4,0.15817732585764516,NA
D4,2,fungicide,Mv,2,1,seedling,red,Mv,Mv,4,low,1,1,Mv,m,m,D42f,0.00461344973460447,3.262848271847908e-4,8.34819399279695e-4,0.15817732585764516,NA
D4,2,fungicide,Mv,3,1,seedling,red,Mv,Mv,4,low,1,1,Mv,m,m,D42f,0.00461344973460447,3.262848271847908e-4,8.34819399279695e-4,0.15817732585764516,NA
D1,3,fungicide,Mv,1,1,seedling,red,Mv,Mv,16,medium,1,1,Mv,m,m,D13f,3.19353847890925e-5,3.875907016606918e-5,4.5658668570676986e-5,0.03644733728887595,NA
D1,3,fungicide,Mv,2,1,seedling,red,Mv,Mv,16,medium,1,1,Mv,m,m,D13f,3.19353847890925e-5,3.875907016606918e-5,4.5658668570676986e-5,0.03644733728887595,NA
D1,3,fungicide,Mv,3,1,seedling,red,Mv,Mv,16,medium,1,1,Mv,m,m,D13f,3.19353847890925e-5,3.875907016606918e-5,4.5658668570676986e-5,0.03644733728887595,NA
D2,3,fungicide,Mv,1,1,seedling,red,Mv,Mv,16,medium,1,1,Mv,m,m,D23f,0.00138462338367339,7.282816366727479e-4,2.833811999686471e-5,0.01223827603331541,NA
D2,3,fungicide,Mv,2,1,seedling,red,Mv,Mv,16,medium,1,1,Mv,m,m,D23f,0.00138462338367339,7.282816366727479e-4,2.833811999686471e-5,0.01223827603331541,NA
D2,3,fungicide,Mv,3,1,seedling,red,Mv,Mv,16,medium,1,1,Mv,m,m,D23f,0.00138462338367339,7.282816366727479e-4,2.833811999686471e-5,0.01223827603331541,NA
D3,3,fungicide,Mv,1,1,seedling,red,Mv,Mv,16,medium,1,1,Mv,m,m,D33f,6.204093446704341e-4,9.318393800518514e-4,1.2483117545874082e-4,0.182205699605607,NA
D3,3,fungicide,Mv,2,1,seedling,red,Mv,Mv,16,medium,1,1,Mv,m,m,D33f,6.204093446704341e-4,9.318393800518514e-4,1.2483117545874082e-4,0.182205699605607,NA
D3,3,fungicide,Mv,3,1,seedling,red,Mv,Mv,16,medium,1,1,Mv,m,m,D33f,6.204093446704341e-4,9.318393800518514e-4,1.2483117545874082e-4,0.182205699605607,NA
D4,3,fungicide,Mv,1,1,seedling,red,Mv,Mv,16,medium,1,1,Mv,m,m,D43f,0.02079793447342843,0.0015472028608475,1.997186571959501e-5,0.4057324859381836,NA
D4,3,fungicide,Mv,2,1,seedling,red,Mv,Mv,16,medium,1,1,Mv,m,m,D43f,0.02079793447342843,0.0015472028608475,1.997186571959501e-5,0.4057324859381836,NA
D4,3,fungicide,Mv,3,1,seedling,red,Mv,Mv,16,medium,1,1,Mv,m,m,D43f,0.02079793447342843,0.0015472028608475,1.997186571959501e-5,0.4057324859381836,NA
D1,4,fungicide,Mv,1,1,seedling,red,Mv,Mv,64,high,1,1,Mv,m,m,D14f,4.161370785321717e-4,9.075788696694248e-5,0.00115744633148366,0.23989766465494625,NA
D1,4,fungicide,Mv,2,1,seedling,red,Mv,Mv,64,high,1,1,Mv,m,m,D14f,4.161370785321717e-4,9.075788696694248e-5,0.00115744633148366,0.23989766465494625,NA
D1,4,fungicide,Mv,3,1,seedling,red,Mv,Mv,64,high,1,1,Mv,m,m,D14f,4.161370785321717e-4,9.075788696694248e-5,0.00115744633148366,0.23989766465494625,NA
D2,4,fungicide,Mv,1,1,seedling,red,Mv,Mv,64,high,1,1,Mv,m,m,D24f,9.982437503142049e-4,4.9061448877476445e-5,9.15635900274756e-5,0.03523369965907461,NA
D2,4,fungicide,Mv,2,1,seedling,red,Mv,Mv,64,high,1,1,Mv,m,m,D24f,9.982437503142049e-4,4.9061448877476445e-5,9.15635900274756e-5,0.03523369965907461,NA
D2,4,fungicide,Mv,3,1,seedling,red,Mv,Mv,64,high,1,1,Mv,m,m,D24f,9.982437503142049e-4,4.9061448877476445e-5,9.15635900274756e-5,0.03523369965907461,NA
D3,4,fungicide,Mv,1,1,seedling,red,Mv,Mv,64,high,1,1,Mv,m,m,D34f,3.7045918434781627e-4,4.970263352614196e-4,6.083601336250866e-5,0.20694977973202933,NA
D3,4,fungicide,Mv,2,1,seedling,red,Mv,Mv,64,high,1,1,Mv,m,m,D34f,3.7045918434781627e-4,4.970263352614196e-4,6.083601336250866e-5,0.20694977973202933,NA
D3,4,fungicide,Mv,3,1,seedling,red,Mv,Mv,64,high,1,1,Mv,m,m,D34f,3.7045918434781627e-4,4.970263352614196e-4,6.083601336250866e-5,0.20694977973202933,NA
D4,4,fungicide,Mv,1,1,seedling,red,Mv,Mv,64,high,1,1,Mv,m,m,D44f,1.7313904128759427e-4,1.1169434608415207e-5,6.174356709210359e-6,0.11892563868152804,NA
D4,4,fungicide,Mv,2,1,seedling,red,Mv,Mv,64,high,1,1,Mv,m,m,D44f,1.7313904128759427e-4,1.1169434608415207e-5,6.174356709210359e-6,0.11892563868152804,NA
D4,4,fungicide,Mv,3,1,seedling,red,Mv,Mv,64,high,1,1,Mv,m,m,D44f,1.7313904128759427e-4,1.1169434608415207e-5,6.174356709210359e-6,0.11892563868152804,NA
D1,5,fungicide,Mv,1,1,seedling,red,Ev seedling,Ev,4,low,1,1,Mv,m,s,D15f,0.00101574015563391,4.156140006705906e-4,3.997183187192239e-4,0.1369266542712249,NA
D1,5,fungicide,Mv,2,1,seedling,red,Ev seedling,Ev,4,low,1,1,Mv,m,s,D15f,0.00101574015563391,4.156140006705906e-4,3.997183187192239e-4,0.1369266542712249,NA
D1,5,fungicide,Mv,3,1,seedling,red,Ev seedling,Ev,4,low,1,1,Mv,m,s,D15f,0.00101574015563391,4.156140006705906e-4,3.997183187192239e-4,0.1369266542712249,NA
D2,5,fungicide,Mv,1,1,seedling,red,Ev seedling,Ev,4,low,1,1,Mv,m,s,D25f,1.979415459208862e-4,7.562307786507288e-4,4.68714865376785e-4,0.05185019874721747,NA
D2,5,fungicide,Mv,2,1,seedling,red,Ev seedling,Ev,4,low,1,1,Mv,m,s,D25f,1.979415459208862e-4,7.562307786507288e-4,4.68714865376785e-4,0.05185019874721747,NA
D2,5,fungicide,Mv,3,1,seedling,red,Ev seedling,Ev,4,low,1,1,Mv,m,s,D25f,1.979415459208862e-4,7.562307786507288e-4,4.68714865376785e-4,0.05185019874721747,NA
D3,5,fungicide,Mv,1,1,seedling,red,Ev seedling,Ev,4,low,1,1,Mv,m,s,D35f,0.00209008801714684,0.00108818141079713,0.0153973010812026,0.18667387570765215,NA
D3,5,fungicide,Mv,2,1,seedling,red,Ev seedling,Ev,4,low,1,1,Mv,m,s,D35f,0.00209008801714684,0.00108818141079713,0.0153973010812026,0.18667387570765215,NA
D3,5,fungicide,Mv,3,1,seedling,red,Ev seedling,Ev,4,low,1,1,Mv,m,s,D35f,0.00209008801714684,0.00108818141079713,0.0153973010812026,0.18667387570765215,NA
D4,5,fungicide,Mv,1,1,seedling,red,Ev seedling,Ev,4,low,1,1,Mv,m,s,D45f,0.01535643930447127,0.00155953488473429,0.00138620454434717,0.5872707529494489,NA
D4,5,fungicide,Mv,2,1,seedling,red,Ev seedling,Ev,4,low,1,1,Mv,m,s,D45f,0.01535643930447127,0.00155953488473429,0.00138620454434717,0.5872707529494489,NA
D4,5,fungicide,Mv,3,1,seedling,red,Ev seedling,Ev,4,low,1,1,Mv,m,s,D45f,0.01535643930447127,0.00155953488473429,0.00138620454434717,0.5872707529494489,NA
D1,6,fungicide,Mv,1,1,seedling,red,Ev seedling,Ev,8,medium,1,1,Mv,m,s,D16f,0,0,4.130647421154202e-5,0.02219054548462177,NA
D1,6,fungicide,Mv,2,1,seedling,red,Ev seedling,Ev,8,medium,1,1,Mv,m,s,D16f,0,0,4.130647421154202e-5,0.02219054548462177,NA
D1,6,fungicide,Mv,3,1,seedling,red,Ev seedling,Ev,8,medium,1,1,Mv,m,s,D16f,0,0,4.130647421154202e-5,0.02219054548462177,NA
D2,6,fungicide,Mv,1,1,seedling,red,Ev seedling,Ev,8,medium,1,1,Mv,m,s,D26f,0.03858663648073044,0.0016123188959478,0.00155160993855441,0.03425132125046947,NA
D2,6,fungicide,Mv,2,1,seedling,red,Ev seedling,Ev,8,medium,1,1,Mv,m,s,D26f,0.03858663648073044,0.0016123188959478,0.00155160993855441,0.03425132125046947,NA
D2,6,fungicide,Mv,3,1,seedling,red,Ev seedling,Ev,8,medium,1,1,Mv,m,s,D26f,0.03858663648073044,0.0016123188959478,0.00155160993855441,0.03425132125046947,NA
D3,6,fungicide,Mv,1,1,seedling,red,Ev seedling,Ev,8,medium,1,1,Mv,m,s,D36f,0.00106380681426795,3.738125718856377e-4,0.0015722425170216,0.106977902929919,NA
D3,6,fungicide,Mv,2,1,seedling,red,Ev seedling,Ev,8,medium,1,1,Mv,m,s,D36f,0.00106380681426795,3.738125718856377e-4,0.0015722425170216,0.106977902929919,NA
D3,6,fungicide,Mv,3,1,seedling,red,Ev seedling,Ev,8,medium,1,1,Mv,m,s,D36f,0.00106380681426795,3.738125718856377e-4,0.0015722425170216,0.106977902929919,NA
D4,6,fungicide,Mv,1,1,seedling,red,Ev seedling,Ev,8,medium,1,1,Mv,m,s,D46f,0.0050784461064406,0.00217846372922428,5.242257899323493e-4,0.3691310772405769,NA
D4,6,fungicide,Mv,2,1,seedling,red,Ev seedling,Ev,8,medium,1,1,Mv,m,s,D46f,0.0050784461064406,0.00217846372922428,5.242257899323493e-4,0.3691310772405769,NA
D4,6,fungicide,Mv,3,1,seedling,red,Ev seedling,Ev,8,medium,1,1,Mv,m,s,D46f,0.0050784461064406,0.00217846372922428,5.242257899323493e-4,0.3691310772405769,NA
D1,7,fungicide,Mv,1,1,seedling,red,Ev seedling,Ev,16,high,1,1,Mv,m,s,D17f,0,2.925870253909074e-4,9.241396933917308e-4,0.01217310303047997,NA
D1,7,fungicide,Mv,2,1,seedling,red,Ev seedling,Ev,16,high,1,1,Mv,m,s,D17f,0,2.925870253909074e-4,9.241396933917308e-4,0.01217310303047997,NA
D1,7,fungicide,Mv,3,1,seedling,red,Ev seedling,Ev,16,high,1,1,Mv,m,s,D17f,0,2.925870253909074e-4,9.241396933917308e-4,0.01217310303047997,NA
D2,7,fungicide,Mv,1,1,seedling,red,Ev seedling,Ev,16,high,1,1,Mv,m,s,D27f,1.2519643724863785e-4,1.153455340017618e-5,0,2.0361499852848547e-4,NA
D2,7,fungicide,Mv,2,1,seedling,red,Ev seedling,Ev,16,high,1,1,Mv,m,s,D27f,1.2519643724863785e-4,1.153455340017618e-5,0,2.0361499852848547e-4,NA
D2,7,fungicide,Mv,3,1,seedling,red,Ev seedling,Ev,16,high,1,1,Mv,m,s,D27f,1.2519643724863785e-4,1.153455340017618e-5,0,2.0361499852848547e-4,NA
D3,7,fungicide,Mv,1,1,seedling,red,Ev seedling,Ev,16,high,1,1,Mv,m,s,D37f,2.5910274393908014e-4,4.8826718467546873e-4,5.052323701460949e-6,0.3290095732072649,NA
D3,7,fungicide,Mv,2,1,seedling,red,Ev seedling,Ev,16,high,1,1,Mv,m,s,D37f,2.5910274393908014e-4,4.8826718467546873e-4,5.052323701460949e-6,0.3290095732072649,NA
D3,7,fungicide,Mv,3,1,seedling,red,Ev seedling,Ev,16,high,1,1,Mv,m,s,D37f,2.5910274393908014e-4,4.8826718467546873e-4,5.052323701460949e-6,0.3290095732072649,NA
D4,7,fungicide,Mv,1,1,seedling,red,Ev seedling,Ev,16,high,1,1,Mv,m,s,D47f,0.03242189518251803,6.631864156724782e-4,0.01391993647521634,0.32661895859511475,NA
D4,7,fungicide,Mv,2,1,seedling,red,Ev seedling,Ev,16,high,1,1,Mv,m,s,D47f,0.03242189518251803,6.631864156724782e-4,0.01391993647521634,0.32661895859511475,NA
D4,7,fungicide,Mv,3,1,seedling,red,Ev seedling,Ev,16,high,1,1,Mv,m,s,D47f,0.03242189518251803,6.631864156724782e-4,0.01391993647521634,0.32661895859511475,NA
D1,8,fungicide,Mv,1,1,seedling,red,Ev adult,Ev,2,low,1,1,Mv,m,a,D18f,0.00841096167704242,5.406242912812779e-4,1.8930461140238337e-4,0.18623602437246933,NA
D1,8,fungicide,Mv,2,1,seedling,red,Ev adult,Ev,2,low,1,1,Mv,m,a,D18f,0.00841096167704242,5.406242912812779e-4,1.8930461140238337e-4,0.18623602437246933,NA
D1,8,fungicide,Mv,3,1,seedling,red,Ev adult,Ev,2,low,1,1,Mv,m,a,D18f,0.00841096167704242,5.406242912812779e-4,1.8930461140238337e-4,0.18623602437246933,NA
D2,8,fungicide,Mv,1,1,seedling,red,Ev adult,Ev,2,low,1,1,Mv,m,a,D28f,0.02079887338627323,0.00282650889913663,7.664863137817465e-6,0.112659176309545,NA
D2,8,fungicide,Mv,2,1,seedling,red,Ev adult,Ev,2,low,1,1,Mv,m,a,D28f,0.02079887338627323,0.00282650889913663,7.664863137817465e-6,0.112659176309545,NA
D2,8,fungicide,Mv,3,1,seedling,red,Ev adult,Ev,2,low,1,1,Mv,m,a,D28f,0.02079887338627323,0.00282650889913663,7.664863137817465e-6,0.112659176309545,NA
D3,8,fungicide,Mv,1,1,seedling,red,Ev adult,Ev,2,low,1,1,Mv,m,a,D38f,0.00138178174952982,2.0698704253672604e-4,0,0.2762610804058321,NA
D3,8,fungicide,Mv,2,1,seedling,red,Ev adult,Ev,2,low,1,1,Mv,m,a,D38f,0.00138178174952982,2.0698704253672604e-4,0,0.2762610804058321,NA
D3,8,fungicide,Mv,3,1,seedling,red,Ev adult,Ev,2,low,1,1,Mv,m,a,D38f,0.00138178174952982,2.0698704253672604e-4,0,0.2762610804058321,NA
D4,8,fungicide,Mv,1,1,seedling,red,Ev adult,Ev,2,low,1,1,Mv,m,a,D48f,0.00127772744664059,0.0013497119382101,0,0.183698428683856,NA
D4,8,fungicide,Mv,2,1,seedling,red,Ev adult,Ev,2,low,1,1,Mv,m,a,D48f,0.00127772744664059,0.0013497119382101,0,0.183698428683856,NA
D4,8,fungicide,Mv,3,1,seedling,red,Ev adult,Ev,2,low,1,1,Mv,m,a,D48f,0.00127772744664059,0.0013497119382101,0,0.183698428683856,NA
D1,9,fungicide,Mv,1,1,seedling,red,Ev adult,Ev,4,medium,1,1,Mv,m,a,D19f,1.3487711094026453e-4,3.645954334778007e-4,4.6546341698299455e-5,0.05882750309390892,NA
D1,9,fungicide,Mv,2,1,seedling,red,Ev adult,Ev,4,medium,1,1,Mv,m,a,D19f,1.3487711094026453e-4,3.645954334778007e-4,4.6546341698299455e-5,0.05882750309390892,NA
D1,9,fungicide,Mv,3,1,seedling,red,Ev adult,Ev,4,medium,1,1,Mv,m,a,D19f,1.3487711094026453e-4,3.645954334778007e-4,4.6546341698299455e-5,0.05882750309390892,NA
D2,9,fungicide,Mv,1,1,seedling,red,Ev adult,Ev,4,medium,1,1,Mv,m,a,D29f,2.704350462021587e-4,2.454769729533459e-4,2.3241330295059384e-4,0.01391504812883269,NA
D2,9,fungicide,Mv,2,1,seedling,red,Ev adult,Ev,4,medium,1,1,Mv,m,a,D29f,2.704350462021587e-4,2.454769729533459e-4,2.3241330295059384e-4,0.01391504812883269,NA
D2,9,fungicide,Mv,3,1,seedling,red,Ev adult,Ev,4,medium,1,1,Mv,m,a,D29f,2.704350462021587e-4,2.454769729533459e-4,2.3241330295059384e-4,0.01391504812883269,NA
D3,9,fungicide,Mv,1,1,seedling,red,Ev adult,Ev,4,medium,1,1,Mv,m,a,D39f,0.00683720465281764,6.02184394239125e-4,4.218006037767665e-4,0.29635180205991685,NA
D3,9,fungicide,Mv,2,1,seedling,red,Ev adult,Ev,4,medium,1,1,Mv,m,a,D39f,0.00683720465281764,6.02184394239125e-4,4.218006037767665e-4,0.29635180205991685,NA
D3,9,fungicide,Mv,3,1,seedling,red,Ev adult,Ev,4,medium,1,1,Mv,m,a,D39f,0.00683720465281764,6.02184394239125e-4,4.218006037767665e-4,0.29635180205991685,NA
D4,9,fungicide,Mv,1,1,seedling,red,Ev adult,Ev,4,medium,1,1,Mv,m,a,D49f,0.02746682629279319,0.00137176992225355,2.5090447434216633e-4,0.20722631637020392,NA
D4,9,fungicide,Mv,2,1,seedling,red,Ev adult,Ev,4,medium,1,1,Mv,m,a,D49f,0.02746682629279319,0.00137176992225355,2.5090447434216633e-4,0.20722631637020392,NA
D4,9,fungicide,Mv,3,1,seedling,red,Ev adult,Ev,4,medium,1,1,Mv,m,a,D49f,0.02746682629279319,0.00137176992225355,2.5090447434216633e-4,0.20722631637020392,NA
D1,10,fungicide,Mv,1,1,seedling,red,Ev adult,Ev,8,high,1,1,Mv,m,a,D110f,3.529538897617717e-5,9.37900650552523e-6,8.569648022245647e-4,0.10786085607818138,NA
D1,10,fungicide,Mv,2,1,seedling,red,Ev adult,Ev,8,high,1,1,Mv,m,a,D110f,3.529538897617717e-5,9.37900650552523e-6,8.569648022245647e-4,0.10786085607818138,NA
D1,10,fungicide,Mv,3,1,seedling,red,Ev adult,Ev,8,high,1,1,Mv,m,a,D110f,3.529538897617717e-5,9.37900650552523e-6,8.569648022245647e-4,0.10786085607818138,NA
D2,10,fungicide,Mv,1,1,seedling,red,Ev adult,Ev,8,high,1,1,Mv,m,a,D210f,5.380768500348168e-4,1.4853445999471877e-4,6.127290017180055e-5,4.09242055225654e-4,NA
D2,10,fungicide,Mv,2,1,seedling,red,Ev adult,Ev,8,high,1,1,Mv,m,a,D210f,5.380768500348168e-4,1.4853445999471877e-4,6.127290017180055e-5,4.09242055225654e-4,NA
D2,10,fungicide,Mv,3,1,seedling,red,Ev adult,Ev,8,high,1,1,Mv,m,a,D210f,5.380768500348168e-4,1.4853445999471877e-4,6.127290017180055e-5,4.09242055225654e-4,NA
D3,10,fungicide,Mv,1,1,seedling,red,Ev adult,Ev,8,high,1,1,Mv,m,a,D310f,0.0038169583086851,2.0514035901430313e-4,7.658482073186648e-4,0.11267698622072694,NA
D3,10,fungicide,Mv,2,1,seedling,red,Ev adult,Ev,8,high,1,1,Mv,m,a,D310f,0.0038169583086851,2.0514035901430313e-4,7.658482073186648e-4,0.11267698622072694,NA
D3,10,fungicide,Mv,3,1,seedling,red,Ev adult,Ev,8,high,1,1,Mv,m,a,D310f,0.0038169583086851,2.0514035901430313e-4,7.658482073186648e-4,0.11267698622072694,NA
D4,10,fungicide,Mv,1,1,seedling,red,Ev adult,Ev,8,high,1,1,Mv,m,a,D410f,0.00610096817851829,0.00230705454021123,0.00275273890685625,0.14744053213795097,NA
D4,10,fungicide,Mv,2,1,seedling,red,Ev adult,Ev,8,high,1,1,Mv,m,a,D410f,0.00610096817851829,0.00230705454021123,0.00275273890685625,0.14744053213795097,NA
D4,10,fungicide,Mv,3,1,seedling,red,Ev adult,Ev,8,high,1,1,Mv,m,a,D410f,0.00610096817851829,0.00230705454021123,0.00275273890685625,0.14744053213795097,NA
D1,1,water,Ev,1,1,seedling,blue,none,none,0,none,1,0,Ev seedling,s,none,D11w,0.14039035207832026,0.03532163978157902,0.3635109315026801,0.3529724412756875,NA
D1,1,water,Ev,2,1,seedling,blue,none,none,0,none,1,0,Ev seedling,s,none,D11w,0.14039035207832026,0.03532163978157902,0.3635109315026801,0.3529724412756875,NA
D1,1,water,Ev,3,1,seedling,blue,none,none,0,none,1,0,Ev seedling,s,none,D11w,0.14039035207832026,0.03532163978157902,0.3635109315026801,0.3529724412756875,NA
D1,1,water,Ev,A,1,adult,blue,none,none,0,none,1,0,Ev adult,a,none,D11w,0.1549133177873324,0.06971962720269194,0.00627288080477494,0.5602507545855584,0.01788764344809181
D2,1,water,Ev,1,1,seedling,blue,none,none,0,none,1,0,Ev seedling,s,none,D21w,NA,0.07295706916547955,0.00326539298430396,NA,NA
D2,1,water,Ev,2,1,seedling,blue,none,none,0,none,1,0,Ev seedling,s,none,D21w,NA,0.07295706916547955,0.00326539298430396,NA,NA
D2,1,water,Ev,3,1,seedling,blue,none,none,0,none,1,0,Ev seedling,s,none,D21w,NA,0.07295706916547955,0.00326539298430396,NA,NA
D2,1,water,Ev,A,1,adult,blue,none,none,0,none,1,0,Ev adult,a,none,D21w,NA,0.0373722858154896,0.06336858284733494,NA,4.220239605289051e-4
D3,1,water,Ev,1,1,seedling,blue,none,none,0,none,1,0,Ev seedling,s,none,D31w,0.3785111766612465,0.09685521104623442,0.05917662991932693,0.6985049115296078,NA
D3,1,water,Ev,2,1,seedling,blue,none,none,0,none,1,0,Ev seedling,s,none,D31w,0.3785111766612465,0.09685521104623442,0.05917662991932693,0.6985049115296078,NA
D3,1,water,Ev,3,1,seedling,blue,none,none,0,none,1,0,Ev seedling,s,none,D31w,0.3785111766612465,0.09685521104623442,0.05917662991932693,0.6985049115296078,NA
D3,1,water,Ev,A,1,adult,blue,none,none,0,none,1,0,Ev adult,a,none,D31w,0.22231537245065416,0.1815107250264589,1.267705086159576e-6,0.6156823519178917,0.0057980061101141
D4,1,water,Ev,1,1,seedling,blue,none,none,0,none,1,0,Ev seedling,s,none,D41w,0.06782403423589212,0.09970681988245109,0.09540421984805904,0.4634737143459852,NA
D4,1,water,Ev,2,1,seedling,blue,none,none,0,none,1,0,Ev seedling,s,none,D41w,0.06782403423589212,0.09970681988245109,0.09540421984805904,0.4634737143459852,NA
D4,1,water,Ev,3,1,seedling,blue,none,none,0,none,1,0,Ev seedling,s,none,D41w,0.06782403423589212,0.09970681988245109,0.09540421984805904,0.4634737143459852,NA
D1,2,water,Ev,1,1,seedling,blue,Mv,Mv,4,low,1,0,Ev seedling,s,m,D12w,0.1677379076528479,0.04380215595160709,8.534246441068935e-4,0.8055390426570826,NA
D1,2,water,Ev,2,1,seedling,blue,Mv,Mv,4,low,1,0,Ev seedling,s,m,D12w,0.1677379076528479,0.04380215595160709,8.534246441068935e-4,0.8055390426570826,NA
D1,2,water,Ev,3,1,seedling,blue,Mv,Mv,4,low,1,0,Ev seedling,s,m,D12w,0.1677379076528479,0.04380215595160709,8.534246441068935e-4,0.8055390426570826,NA
D1,2,water,Ev,A,1,adult,blue,Mv,Mv,4,low,1,0,Ev adult,a,m,D12w,0.4551025971577505,0,0,NA,1.2231933237319233e-4
D2,2,water,Ev,1,1,seedling,blue,Mv,Mv,4,low,1,0,Ev seedling,s,m,D22w,0.14312701792339963,0.0154544859978094,0.12141657014628676,NA,NA
D2,2,water,Ev,2,1,seedling,blue,Mv,Mv,4,low,1,0,Ev seedling,s,m,D22w,0.14312701792339963,0.0154544859978094,0.12141657014628676,NA,NA
D2,2,water,Ev,3,1,seedling,blue,Mv,Mv,4,low,1,0,Ev seedling,s,m,D22w,0.14312701792339963,0.0154544859978094,0.12141657014628676,NA,NA
D2,2,water,Ev,A,1,adult,blue,Mv,Mv,4,low,1,0,Ev adult,a,m,D22w,0.3077207560600082,0.16544456143498604,0.0678283115576239,0.2778405524168236,1.8217399306611975e-4
D3,2,water,Ev,1,1,seedling,blue,Mv,Mv,4,low,1,0,Ev seedling,s,m,D32w,0.11932138095832588,0.03114978324201936,0.02743385403418303,0.6172831393528486,NA
D3,2,water,Ev,2,1,seedling,blue,Mv,Mv,4,low,1,0,Ev seedling,s,m,D32w,0.11932138095832588,0.03114978324201936,0.02743385403418303,0.6172831393528486,NA
D3,2,water,Ev,3,1,seedling,blue,Mv,Mv,4,low,1,0,Ev seedling,s,m,D32w,0.11932138095832588,0.03114978324201936,0.02743385403418303,0.6172831393528486,NA
D3,2,water,Ev,A,1,adult,blue,Mv,Mv,4,low,1,0,Ev adult,a,m,D32w,0.2272878671968216,0.04946244650975053,0.01242568322015591,0.2047603949034729,7.909103028056588e-4
D4,2,water,Ev,1,1,seedling,blue,Mv,Mv,4,low,1,0,Ev seedling,s,m,D42w,0.3309598963370654,0.1272896618770948,0.05958064468124806,0.4119346964173175,NA
D4,2,water,Ev,2,1,seedling,blue,Mv,Mv,4,low,1,0,Ev seedling,s,m,D42w,0.3309598963370654,0.1272896618770948,0.05958064468124806,0.4119346964173175,NA
D4,2,water,Ev,A,1,adult,blue,Mv,Mv,4,low,1,0,Ev adult,a,m,D42w,0.30016602616943955,0.15796794762291566,0.19921343390307475,0.1206704928486836,0.01592105444000055
D1,3,water,Ev,1,1,seedling,blue,Mv,Mv,16,medium,1,0,Ev seedling,s,m,D13w,0.13482002760638487,0.02907384660403616,0.01154354419865165,0.5592939143677151,NA
D1,3,water,Ev,2,1,seedling,blue,Mv,Mv,16,medium,1,0,Ev seedling,s,m,D13w,0.13482002760638487,0.02907384660403616,0.01154354419865165,0.5592939143677151,NA
D1,3,water,Ev,3,1,seedling,blue,Mv,Mv,16,medium,1,0,Ev seedling,s,m,D13w,0.13482002760638487,0.02907384660403616,0.01154354419865165,0.5592939143677151,NA
D1,3,water,Ev,A,1,adult,blue,Mv,Mv,16,medium,1,0,Ev adult,a,m,D13w,0.29452409742615304,0.21313432148422207,0.17159384615384615,NA,1.6649906439745923e-4
D2,3,water,Ev,1,1,seedling,blue,Mv,Mv,16,medium,1,0,Ev seedling,s,m,D23w,0.07894458628691649,0.02937543273543751,0.08293770933706159,0.34738873385567604,NA
D2,3,water,Ev,2,1,seedling,blue,Mv,Mv,16,medium,1,0,Ev seedling,s,m,D23w,0.07894458628691649,0.02937543273543751,0.08293770933706159,0.34738873385567604,NA
D2,3,water,Ev,3,1,seedling,blue,Mv,Mv,16,medium,1,0,Ev seedling,s,m,D23w,0.07894458628691649,0.02937543273543751,0.08293770933706159,0.34738873385567604,NA
D2,3,water,Ev,A,1,adult,blue,Mv,Mv,16,medium,1,0,Ev adult,a,m,D23w,0.5613551790165829,0.3902049987850677,0.08422952514339069,0.7010183001517395,0.00249542806508172
D3,3,water,Ev,1,1,seedling,blue,Mv,Mv,16,medium,1,0,Ev seedling,s,m,D33w,0.11669882134358428,0.01179436346874564,0.09484967260746836,0.7964093379071673,NA
D3,3,water,Ev,2,1,seedling,blue,Mv,Mv,16,medium,1,0,Ev seedling,s,m,D33w,0.11669882134358428,0.01179436346874564,0.09484967260746836,0.7964093379071673,NA
D3,3,water,Ev,3,1,seedling,blue,Mv,Mv,16,medium,1,0,Ev seedling,s,m,D33w,0.11669882134358428,0.01179436346874564,0.09484967260746836,0.7964093379071673,NA
D3,3,water,Ev,A,1,adult,blue,Mv,Mv,16,medium,1,0,Ev adult,a,m,D33w,0.5715963313355458,0.0780797144637852,0.4901444693531325,0.957779384279014,0.01600783131324586
D4,3,water,Ev,1,1,seedling,blue,Mv,Mv,16,medium,1,0,Ev seedling,s,m,D43w,0.1629596037839872,0.42726752399045254,0.16947024212231174,0.5718685460252266,NA
D4,3,water,Ev,2,1,seedling,blue,Mv,Mv,16,medium,1,0,Ev seedling,s,m,D43w,0.1629596037839872,0.42726752399045254,0.16947024212231174,0.5718685460252266,NA
D4,3,water,Ev,3,1,seedling,blue,Mv,Mv,16,medium,1,0,Ev seedling,s,m,D43w,0.1629596037839872,0.42726752399045254,0.16947024212231174,0.5718685460252266,NA
D4,3,water,Ev,A,1,adult,blue,Mv,Mv,16,medium,1,0,Ev adult,a,m,D43w,0.03209451266027634,0.23326623098766872,0.6528468694332652,0.9584060297299184,1.352760476848068e-4
D1,4,water,Ev,1,1,seedling,blue,Mv,Mv,64,high,1,0,Ev seedling,s,m,D14w,0.15624265350475391,0.03780334337616924,0.01611717986726409,0.3892771166767702,NA
D1,4,water,Ev,2,1,seedling,blue,Mv,Mv,64,high,1,0,Ev seedling,s,m,D14w,0.15624265350475391,0.03780334337616924,0.01611717986726409,0.3892771166767702,NA
D1,4,water,Ev,3,1,seedling,blue,Mv,Mv,64,high,1,0,Ev seedling,s,m,D14w,0.15624265350475391,0.03780334337616924,0.01611717986726409,0.3892771166767702,NA
D1,4,water,Ev,A,1,adult,blue,Mv,Mv,64,high,1,0,Ev adult,a,m,D14w,0.09546053898153632,0.08068173611612624,0.00144164071097765,0.7392004105914184,NA
D2,4,water,Ev,2,1,seedling,blue,Mv,Mv,64,high,1,0,Ev seedling,s,m,D24w,0.18646771613298344,0.03215174712072385,0.01554190003746215,0.4558366308648954,NA
D2,4,water,Ev,A,1,adult,blue,Mv,Mv,64,high,1,0,Ev adult,a,m,D24w,0.21585221414952596,0.03788981859422282,0.00101643481424711,NA,NA
D3,4,water,Ev,1,1,seedling,blue,Mv,Mv,64,high,1,0,Ev seedling,s,m,D34w,0.11706833347727508,0.0096884127285137,0.1587782510211466,0.5403752677566469,NA
D3,4,water,Ev,2,1,seedling,blue,Mv,Mv,64,high,1,0,Ev seedling,s,m,D34w,0.11706833347727508,0.0096884127285137,0.1587782510211466,0.5403752677566469,NA
D3,4,water,Ev,3,1,seedling,blue,Mv,Mv,64,high,1,0,Ev seedling,s,m,D34w,0.11706833347727508,0.0096884127285137,0.1587782510211466,0.5403752677566469,NA
D3,4,water,Ev,A,1,adult,blue,Mv,Mv,64,high,1,0,Ev adult,a,m,D34w,0.00296675275425806,0.05837895095654979,0.0649507906360178,0.5146741384109383,NA
D4,4,water,Ev,1,1,seedling,blue,Mv,Mv,64,high,1,0,Ev seedling,s,m,D44w,0.06818211278133762,0.09047064990205576,0.06244383808333104,0.8014077525983592,NA
D4,4,water,Ev,2,1,seedling,blue,Mv,Mv,64,high,1,0,Ev seedling,s,m,D44w,0.06818211278133762,0.09047064990205576,0.06244383808333104,0.8014077525983592,NA
D4,4,water,Ev,3,1,seedling,blue,Mv,Mv,64,high,1,0,Ev seedling,s,m,D44w,0.06818211278133762,0.09047064990205576,0.06244383808333104,0.8014077525983592,NA
D1,5,water,Ev,1,1,seedling,blue,Ev seedling,Ev,4,low,1,0,Ev seedling,s,s,D15w,0.23733721193300764,0.06988535181219492,0.036570655823716,0.30104750351330206,NA
D1,5,water,Ev,2,1,seedling,blue,Ev seedling,Ev,4,low,1,0,Ev seedling,s,s,D15w,0.23733721193300764,0.06988535181219492,0.036570655823716,0.30104750351330206,NA
D1,5,water,Ev,3,1,seedling,blue,Ev seedling,Ev,4,low,1,0,Ev seedling,s,s,D15w,0.23733721193300764,0.06988535181219492,0.036570655823716,0.30104750351330206,NA
D1,5,water,Ev,A,1,adult,blue,Ev seedling,Ev,4,low,1,0,Ev adult,a,s,D15w,0.36130486835091274,0.05166208548636011,0.05095268124591788,0.7390793151689483,1.1190805302783816e-5
D2,5,water,Ev,1,1,seedling,blue,Ev seedling,Ev,4,low,1,0,Ev seedling,s,s,D25w,0.3161876504102038,0.04707314236047554,0.0010544189055247,0.12547294053815897,NA
D2,5,water,Ev,2,1,seedling,blue,Ev seedling,Ev,4,low,1,0,Ev seedling,s,s,D25w,0.3161876504102038,0.04707314236047554,0.0010544189055247,0.12547294053815897,NA
D2,5,water,Ev,3,1,seedling,blue,Ev seedling,Ev,4,low,1,0,Ev seedling,s,s,D25w,0.3161876504102038,0.04707314236047554,0.0010544189055247,0.12547294053815897,NA
D2,5,water,Ev,A,1,adult,blue,Ev seedling,Ev,4,low,1,0,Ev adult,a,s,D25w,0.14999982117358412,0.1174432542355728,0.1756444076208801,0.16904771036281352,0.00428954108607279
D3,5,water,Ev,1,1,seedling,blue,Ev seedling,Ev,4,low,1,0,Ev seedling,s,s,D35w,0.3295622394228924,0.05869358421677739,0.2792089701239225,0.5250285570882154,NA
D3,5,water,Ev,2,1,seedling,blue,Ev seedling,Ev,4,low,1,0,Ev seedling,s,s,D35w,0.3295622394228924,0.05869358421677739,0.2792089701239225,0.5250285570882154,NA
D3,5,water,Ev,3,1,seedling,blue,Ev seedling,Ev,4,low,1,0,Ev seedling,s,s,D35w,0.3295622394228924,0.05869358421677739,0.2792089701239225,0.5250285570882154,NA
D3,5,water,Ev,A,1,adult,blue,Ev seedling,Ev,4,low,1,0,Ev adult,a,s,D35w,0.0528156439715788,0.13636433354456692,0.18549141395052332,NA,0.02552394878445744
D4,5,water,Ev,2,1,seedling,blue,Ev seedling,Ev,4,low,1,0,Ev seedling,s,s,D45w,0.00943815911510257,0.19228586718627916,0.2664590826320785,0.6651403815789072,NA
D4,5,water,Ev,3,1,seedling,blue,Ev seedling,Ev,4,low,1,0,Ev seedling,s,s,D45w,0.00943815911510257,0.19228586718627916,0.2664590826320785,0.6651403815789072,NA
D4,5,water,Ev,A,1,adult,blue,Ev seedling,Ev,4,low,1,0,Ev adult,a,s,D45w,NA,0.13093604011168986,0.00481041542078218,0.08860704216510687,0.00119571957831804
D1,6,water,Ev,1,1,seedling,blue,Ev seedling,Ev,8,medium,1,0,Ev seedling,s,s,D16w,0.06855987782293267,0.01741053750393875,0.0886201022685729,0.37644983849572694,NA
D1,6,water,Ev,2,1,seedling,blue,Ev seedling,Ev,8,medium,1,0,Ev seedling,s,s,D16w,0.06855987782293267,0.01741053750393875,0.0886201022685729,0.37644983849572694,NA
D1,6,water,Ev,3,1,seedling,blue,Ev seedling,Ev,8,medium,1,0,Ev seedling,s,s,D16w,0.06855987782293267,0.01741053750393875,0.0886201022685729,0.37644983849572694,NA
D1,6,water,Ev,A,1,adult,blue,Ev seedling,Ev,8,medium,1,0,Ev adult,a,s,D16w,0.3675505081157717,0.00757127811483483,0.32021173166252564,0.719837824295912,0.01272727272727272
D2,6,water,Ev,1,1,seedling,blue,Ev seedling,Ev,8,medium,1,0,Ev seedling,s,s,D26w,0.11949771745251037,0.02898532448683143,0.04834628100829848,0.5024811433108376,NA
D2,6,water,Ev,2,1,seedling,blue,Ev seedling,Ev,8,medium,1,0,Ev seedling,s,s,D26w,0.11949771745251037,0.02898532448683143,0.04834628100829848,0.5024811433108376,NA
D2,6,water,Ev,3,1,seedling,blue,Ev seedling,Ev,8,medium,1,0,Ev seedling,s,s,D26w,0.11949771745251037,0.02898532448683143,0.04834628100829848,0.5024811433108376,NA
D2,6,water,Ev,A,1,adult,blue,Ev seedling,Ev,8,medium,1,0,Ev adult,a,s,D26w,NA,0.04736471057027694,0.04276486190252806,NA,5.12075315650954e-5
D3,6,water,Ev,1,1,seedling,blue,Ev seedling,Ev,8,medium,1,0,Ev seedling,s,s,D36w,0.1512809866585687,0.04042280933296546,0.13841281879842057,0.8315914826202957,NA
D3,6,water,Ev,2,1,seedling,blue,Ev seedling,Ev,8,medium,1,0,Ev seedling,s,s,D36w,0.1512809866585687,0.04042280933296546,0.13841281879842057,0.8315914826202957,NA
D3,6,water,Ev,3,1,seedling,blue,Ev seedling,Ev,8,medium,1,0,Ev seedling,s,s,D36w,0.1512809866585687,0.04042280933296546,0.13841281879842057,0.8315914826202957,NA
D3,6,water,Ev,A,1,adult,blue,Ev seedling,Ev,8,medium,1,0,Ev adult,a,s,D36w,0.5723978063863716,0.05684867529466392,0.8729551493082387,0.02993124632533807,0.00892762141210447
D4,6,water,Ev,1,1,seedling,blue,Ev seedling,Ev,8,medium,1,0,Ev seedling,s,s,D46w,0.18126856707879851,0.03243111219098915,0.2470231485048885,0.5315922556151239,NA
D4,6,water,Ev,2,1,seedling,blue,Ev seedling,Ev,8,medium,1,0,Ev seedling,s,s,D46w,0.18126856707879851,0.03243111219098915,0.2470231485048885,0.5315922556151239,NA
D4,6,water,Ev,3,1,seedling,blue,Ev seedling,Ev,8,medium,1,0,Ev seedling,s,s,D46w,0.18126856707879851,0.03243111219098915,0.2470231485048885,0.5315922556151239,NA
D4,6,water,Ev,A,1,adult,blue,Ev seedling,Ev,8,medium,1,0,Ev adult,a,s,D46w,0.03182357181055128,0.18867012152841137,0.10757768489914592,0.8035902527518325,4.0263051939337e-4
D1,7,water,Ev,1,1,seedling,blue,Ev seedling,Ev,16,high,1,0,Ev seedling,s,s,D17w,0.3331571873751041,0.06955607629716833,0.16846845197469737,0.4478654623106363,NA
D1,7,water,Ev,2,1,seedling,blue,Ev seedling,Ev,16,high,1,0,Ev seedling,s,s,D17w,0.3331571873751041,0.06955607629716833,0.16846845197469737,0.4478654623106363,NA
D1,7,water,Ev,3,1,seedling,blue,Ev seedling,Ev,16,high,1,0,Ev seedling,s,s,D17w,0.3331571873751041,0.06955607629716833,0.16846845197469737,0.4478654623106363,NA
D1,7,water,Ev,A,1,adult,blue,Ev seedling,Ev,16,high,1,0,Ev adult,a,s,D17w,NA,NA,NA,NA,0.11009191343305748
D2,7,water,Ev,1,1,seedling,blue,Ev seedling,Ev,16,high,1,0,Ev seedling,s,s,D27w,0.09213977601300244,0.14277650119294236,0.01179305681025585,0.2701986837974682,NA
D2,7,water,Ev,2,1,seedling,blue,Ev seedling,Ev,16,high,1,0,Ev seedling,s,s,D27w,0.09213977601300244,0.14277650119294236,0.01179305681025585,0.2701986837974682,NA
D2,7,water,Ev,3,1,seedling,blue,Ev seedling,Ev,16,high,1,0,Ev seedling,s,s,D27w,0.09213977601300244,0.14277650119294236,0.01179305681025585,0.2701986837974682,NA
D2,7,water,Ev,A,1,adult,blue,Ev seedling,Ev,16,high,1,0,Ev adult,a,s,D27w,0.09747217290389831,0.00661072547966351,2.4603512013427e-4,0.5011769997750956,NA
D3,7,water,Ev,1,1,seedling,blue,Ev seedling,Ev,16,high,1,0,Ev seedling,s,s,D37w,0.577945273386655,0.07142536162016602,0.08189947904270423,0.3719964056063205,NA
D3,7,water,Ev,2,1,seedling,blue,Ev seedling,Ev,16,high,1,0,Ev seedling,s,s,D37w,0.577945273386655,0.07142536162016602,0.08189947904270423,0.3719964056063205,NA
D3,7,water,Ev,3,1,seedling,blue,Ev seedling,Ev,16,high,1,0,Ev seedling,s,s,D37w,0.577945273386655,0.07142536162016602,0.08189947904270423,0.3719964056063205,NA
D3,7,water,Ev,A,1,adult,blue,Ev seedling,Ev,16,high,1,0,Ev adult,a,s,D37w,0.5697699677502168,0.03580075028266696,8.334287577729429e-4,NA,NA
D4,7,water,Ev,1,1,seedling,blue,Ev seedling,Ev,16,high,1,0,Ev seedling,s,s,D47w,0.02068677326531008,0.14123186564278217,0.02021196629512656,0.5957334513554996,NA
D4,7,water,Ev,2,1,seedling,blue,Ev seedling,Ev,16,high,1,0,Ev seedling,s,s,D47w,0.02068677326531008,0.14123186564278217,0.02021196629512656,0.5957334513554996,NA
D4,7,water,Ev,3,1,seedling,blue,Ev seedling,Ev,16,high,1,0,Ev seedling,s,s,D47w,0.02068677326531008,0.14123186564278217,0.02021196629512656,0.5957334513554996,NA
D4,7,water,Ev,A,1,adult,blue,Ev seedling,Ev,16,high,1,0,Ev adult,a,s,D47w,0.12826861280741067,0.26720632286776663,0.2252511976936448,0.4105289842825756,0.00539724685892549
D1,8,water,Ev,2,1,seedling,blue,Ev adult,Ev,2,low,1,0,Ev seedling,s,a,D18w,0.195186848767754,0.0746474937330687,0.01310072002679169,0.4141582800436373,NA
D1,8,water,Ev,3,1,seedling,blue,Ev adult,Ev,2,low,1,0,Ev seedling,s,a,D18w,0.195186848767754,0.0746474937330687,0.01310072002679169,0.4141582800436373,NA
D1,8,water,Ev,A,1,adult,blue,Ev adult,Ev,2,low,1,0,Ev adult,a,a,D18w,0.06254160586886502,0.00105078163231437,0,0.6562723638133224,0.00129098369986294
D2,8,water,Ev,1,1,seedling,blue,Ev adult,Ev,2,low,1,0,Ev seedling,s,a,D28w,0.09085319816904248,0.04226742851115312,0.23901322937613584,0.38866921885685984,NA
D2,8,water,Ev,2,1,seedling,blue,Ev adult,Ev,2,low,1,0,Ev seedling,s,a,D28w,0.09085319816904248,0.04226742851115312,0.23901322937613584,0.38866921885685984,NA
D2,8,water,Ev,3,1,seedling,blue,Ev adult,Ev,2,low,1,0,Ev seedling,s,a,D28w,0.09085319816904248,0.04226742851115312,0.23901322937613584,0.38866921885685984,NA
D2,8,water,Ev,A,1,adult,blue,Ev adult,Ev,2,low,1,0,Ev adult,a,a,D28w,0.14221728615164292,0.00952312145253566,0.391194458751643,0.081887401938163365,0.05965601458820661
D3,8,water,Ev,1,1,seedling,blue,Ev adult,Ev,2,low,1,0,Ev seedling,s,a,D38w,0.1519730769761837,0.06738562787731296,0.2768062459370547,0.4683862391255331,NA
D3,8,water,Ev,2,1,seedling,blue,Ev adult,Ev,2,low,1,0,Ev seedling,s,a,D38w,0.1519730769761837,0.06738562787731296,0.2768062459370547,0.4683862391255331,NA
D3,8,water,Ev,3,1,seedling,blue,Ev adult,Ev,2,low,1,0,Ev seedling,s,a,D38w,0.1519730769761837,0.06738562787731296,0.2768062459370547,0.4683862391255331,NA
D3,8,water,Ev,A,1,adult,blue,Ev adult,Ev,2,low,1,0,Ev adult,a,a,D38w,0.2200683919328931,0.06878238668971216,0.00121600469153583,0.5854478997298647,0.03502095673386656
D4,8,water,Ev,1,1,seedling,blue,Ev adult,Ev,2,low,1,0,Ev seedling,s,a,D48w,0.00503050685470909,0.5492663236938407,0.17930509437990128,0.00587775288498119,NA
D4,8,water,Ev,2,1,seedling,blue,Ev adult,Ev,2,low,1,0,Ev seedling,s,a,D48w,0.00503050685470909,0.5492663236938407,0.17930509437990128,0.00587775288498119,NA
D4,8,water,Ev,3,1,seedling,blue,Ev adult,Ev,2,low,1,0,Ev seedling,s,a,D48w,0.00503050685470909,0.5492663236938407,0.17930509437990128,0.00587775288498119,NA
D4,8,water,Ev,A,1,adult,blue,Ev adult,Ev,2,low,1,0,Ev adult,a,a,D48w,0.07014858852570707,0.18565073981053667,0.04198296737681278,0.4560257068904021,0.00911763797941649
D1,9,water,Ev,1,1,seedling,blue,Ev adult,Ev,4,medium,1,0,Ev seedling,s,a,D19w,0.23893191137810563,0.03187578090282829,0.04808216068996823,0.3505132748024294,NA
D1,9,water,Ev,3,1,seedling,blue,Ev adult,Ev,4,medium,1,0,Ev seedling,s,a,D19w,0.23893191137810563,0.03187578090282829,0.04808216068996823,0.3505132748024294,NA
D1,9,water,Ev,A,1,adult,blue,Ev adult,Ev,4,medium,1,0,Ev adult,a,a,D19w,0.1996894481911516,0.01858647442102373,0.01518110317042815,NA,0.00475038801782456
D2,9,water,Ev,1,1,seedling,blue,Ev adult,Ev,4,medium,1,0,Ev seedling,s,a,D29w,0.2891663984242084,0.08022282599467155,0.0793016637269572,0.5539965413620656,NA
D2,9,water,Ev,2,1,seedling,blue,Ev adult,Ev,4,medium,1,0,Ev seedling,s,a,D29w,0.2891663984242084,0.08022282599467155,0.0793016637269572,0.5539965413620656,NA
D2,9,water,Ev,3,1,seedling,blue,Ev adult,Ev,4,medium,1,0,Ev seedling,s,a,D29w,0.2891663984242084,0.08022282599467155,0.0793016637269572,0.5539965413620656,NA
D2,9,water,Ev,A,1,adult,blue,Ev adult,Ev,4,medium,1,0,Ev adult,a,a,D29w,0.11010906245414975,0.0167564100574668,0.399295418240326,0.7414219381294096,0.0110014664794044
D3,9,water,Ev,1,1,seedling,blue,Ev adult,Ev,4,medium,1,0,Ev seedling,s,a,D39w,0.25819250890656026,0.15036996543802894,0.15791148121746207,0.6248458085480778,NA
D3,9,water,Ev,2,1,seedling,blue,Ev adult,Ev,4,medium,1,0,Ev seedling,s,a,D39w,0.25819250890656026,0.15036996543802894,0.15791148121746207,0.6248458085480778,NA
D3,9,water,Ev,3,1,seedling,blue,Ev adult,Ev,4,medium,1,0,Ev seedling,s,a,D39w,0.25819250890656026,0.15036996543802894,0.15791148121746207,0.6248458085480778,NA
D3,9,water,Ev,A,1,adult,blue,Ev adult,Ev,4,medium,1,0,Ev adult,a,a,D39w,0.29399355000475536,0.11812731707172514,0.1267773610908657,NA,0.01031871457950578
D4,9,water,Ev,3,1,seedling,blue,Ev adult,Ev,4,medium,1,0,Ev seedling,s,a,D49w,0.12324069082367438,0.28981142089717543,0.16087379702494622,0.10411177367910138,NA
D4,9,water,Ev,A,1,adult,blue,Ev adult,Ev,4,medium,1,0,Ev adult,a,a,D49w,NA,0.21036579011359297,NA,NA,0.00681883078352854
D1,10,water,Ev,1,1,seedling,blue,Ev adult,Ev,8,high,1,0,Ev seedling,s,a,D110w,0.0195523610503571,0.05567320846384963,0.12931606542872354,0.3230516062570826,NA
D1,10,water,Ev,3,1,seedling,blue,Ev adult,Ev,8,high,1,0,Ev seedling,s,a,D110w,0.0195523610503571,0.05567320846384963,0.12931606542872354,0.3230516062570826,NA
D1,10,water,Ev,A,1,adult,blue,Ev adult,Ev,8,high,1,0,Ev adult,a,a,D110w,NA,0.00323566370659208,0.00761423095218109,NA,0.02748978687541393
D2,10,water,Ev,1,1,seedling,blue,Ev adult,Ev,8,high,1,0,Ev seedling,s,a,D210w,0.19904464702492297,0.01497552905265868,0.04584034932980529,0.298313597198544,NA
D2,10,water,Ev,2,1,seedling,blue,Ev adult,Ev,8,high,1,0,Ev seedling,s,a,D210w,0.19904464702492297,0.01497552905265868,0.04584034932980529,0.298313597198544,NA
D2,10,water,Ev,3,1,seedling,blue,Ev adult,Ev,8,high,1,0,Ev seedling,s,a,D210w,0.19904464702492297,0.01497552905265868,0.04584034932980529,0.298313597198544,NA
D2,10,water,Ev,A,1,adult,blue,Ev adult,Ev,8,high,1,0,Ev adult,a,a,D210w,0.14425550333109144,0.01913155354033412,7.415101205616825e-4,NA,0.00379475048373126
D3,10,water,Ev,1,1,seedling,blue,Ev adult,Ev,8,high,1,0,Ev seedling,s,a,D310w,0.2397938091734991,0.01435316130172838,0.01069795506018142,0.34009654252187904,NA
D3,10,water,Ev,2,1,seedling,blue,Ev adult,Ev,8,high,1,0,Ev seedling,s,a,D310w,0.2397938091734991,0.01435316130172838,0.01069795506018142,0.34009654252187904,NA
D3,10,water,Ev,3,1,seedling,blue,Ev adult,Ev,8,high,1,0,Ev seedling,s,a,D310w,0.2397938091734991,0.01435316130172838,0.01069795506018142,0.34009654252187904,NA
D3,10,water,Ev,A,1,adult,blue,Ev adult,Ev,8,high,1,0,Ev adult,a,a,D310w,0.06600589317451903,0.00560589479549398,0.01271021844438351,NA,0.02153851743714868
D4,10,water,Ev,1,1,seedling,blue,Ev adult,Ev,8,high,1,0,Ev seedling,s,a,D410w,0.06744681914150692,0.07572256723748855,0.17752015216013042,0.1062112195086089,NA
D4,10,water,Ev,2,1,seedling,blue,Ev adult,Ev,8,high,1,0,Ev seedling,s,a,D410w,0.06744681914150692,0.07572256723748855,0.17752015216013042,0.1062112195086089,NA
D4,10,water,Ev,3,1,seedling,blue,Ev adult,Ev,8,high,1,0,Ev seedling,s,a,D410w,0.06744681914150692,0.07572256723748855,0.17752015216013042,0.1062112195086089,NA
D1,1,fungicide,Ev,2,1,seedling,red,none,none,0,none,1,1,Ev seedling,s,none,D11f,NA,NA,0.2481643008323972,0.18311857097255427,NA
D1,1,fungicide,Ev,3,1,seedling,red,none,none,0,none,1,1,Ev seedling,s,none,D11f,NA,NA,0.2481643008323972,0.18311857097255427,NA
D1,1,fungicide,Ev,A,1,adult,red,none,none,0,none,1,1,Ev adult,a,none,D11f,NA,0.23499459677271645,0.0452444000055003,0.6593413571160562,1.822188501670872e-4
D2,1,fungicide,Ev,1,1,seedling,red,none,none,0,none,1,1,Ev seedling,s,none,D21f,0.05019053073974273,0.09282049364433612,0.03882004013634341,0.3782831225099523,NA
D2,1,fungicide,Ev,2,1,seedling,red,none,none,0,none,1,1,Ev seedling,s,none,D21f,0.05019053073974273,0.09282049364433612,0.03882004013634341,0.3782831225099523,NA
D2,1,fungicide,Ev,3,1,seedling,red,none,none,0,none,1,1,Ev seedling,s,none,D21f,0.05019053073974273,0.09282049364433612,0.03882004013634341,0.3782831225099523,NA
D2,1,fungicide,Ev,A,1,adult,red,none,none,0,none,1,1,Ev adult,a,none,D21f,0.3296488898587496,0.02035553857382887,0.04638197620855206,0.47796108074978294,7.95833651666794e-4
D3,1,fungicide,Ev,1,1,seedling,red,none,none,0,none,1,1,Ev seedling,s,none,D31f,0.05998421947521035,0.01355652002465802,0.1975931802119459,0.7405049048998911,NA
D3,1,fungicide,Ev,2,1,seedling,red,none,none,0,none,1,1,Ev seedling,s,none,D31f,0.05998421947521035,0.01355652002465802,0.1975931802119459,0.7405049048998911,NA
D3,1,fungicide,Ev,3,1,seedling,red,none,none,0,none,1,1,Ev seedling,s,none,D31f,0.05998421947521035,0.01355652002465802,0.1975931802119459,0.7405049048998911,NA
D3,1,fungicide,Ev,A,1,adult,red,none,none,0,none,1,1,Ev adult,a,none,D31f,0.4668371704442709,0.1494634782837143,0.10600116100222896,0.6603430836519002,0.0146563998442099
D4,1,fungicide,Ev,1,1,seedling,red,none,none,0,none,1,1,Ev seedling,s,none,D41f,0.08646019895359705,0.18412072303597585,0.02121704524329199,0.3775035778111628,NA
D4,1,fungicide,Ev,2,1,seedling,red,none,none,0,none,1,1,Ev seedling,s,none,D41f,0.08646019895359705,0.18412072303597585,0.02121704524329199,0.3775035778111628,NA
D4,1,fungicide,Ev,3,1,seedling,red,none,none,0,none,1,1,Ev seedling,s,none,D41f,0.08646019895359705,0.18412072303597585,0.02121704524329199,0.3775035778111628,NA
D4,1,fungicide,Ev,A,1,adult,red,none,none,0,none,1,1,Ev adult,a,none,D41f,0.18621895327043927,0.1697045069294786,0.13535424910495572,0.620894058792491,NA
D1,2,fungicide,Ev,1,1,seedling,red,Mv,Mv,4,low,1,1,Ev seedling,s,m,D12f,0.05305253407029347,0.10547933668429862,0.01707004693281381,0.4441629434993256,NA
D1,2,fungicide,Ev,2,1,seedling,red,Mv,Mv,4,low,1,1,Ev seedling,s,m,D12f,0.05305253407029347,0.10547933668429862,0.01707004693281381,0.4441629434993256,NA
D1,2,fungicide,Ev,3,1,seedling,red,Mv,Mv,4,low,1,1,Ev seedling,s,m,D12f,0.05305253407029347,0.10547933668429862,0.01707004693281381,0.4441629434993256,NA
D1,2,fungicide,Ev,A,1,adult,red,Mv,Mv,4,low,1,1,Ev adult,a,m,D12f,NA,0.06539671104584309,0.9362530124508446,0.3129113755734326,0.00794046199051581
D2,2,fungicide,Ev,1,1,seedling,red,Mv,Mv,4,low,1,1,Ev seedling,s,m,D22f,0.03845256198822612,0.02081322371847874,0.0125191941000493,0.19767811215226103,NA
D2,2,fungicide,Ev,2,1,seedling,red,Mv,Mv,4,low,1,1,Ev seedling,s,m,D22f,0.03845256198822612,0.02081322371847874,0.0125191941000493,0.19767811215226103,NA
D2,2,fungicide,Ev,3,1,seedling,red,Mv,Mv,4,low,1,1,Ev seedling,s,m,D22f,0.03845256198822612,0.02081322371847874,0.0125191941000493,0.19767811215226103,NA
D2,2,fungicide,Ev,A,1,adult,red,Mv,Mv,4,low,1,1,Ev adult,a,m,D22f,NA,0.00186847185281442,0.06693122784088686,NA,8.856034954797903e-4
D3,2,fungicide,Ev,1,1,seedling,red,Mv,Mv,4,low,1,1,Ev seedling,s,m,D32f,0.18137348083230867,0.01594115374890999,0.08204771498126982,0.9219649231660436,NA
D3,2,fungicide,Ev,2,1,seedling,red,Mv,Mv,4,low,1,1,Ev seedling,s,m,D32f,0.18137348083230867,0.01594115374890999,0.08204771498126982,0.9219649231660436,NA
D3,2,fungicide,Ev,3,1,seedling,red,Mv,Mv,4,low,1,1,Ev seedling,s,m,D32f,0.18137348083230867,0.01594115374890999,0.08204771498126982,0.9219649231660436,NA
D3,2,fungicide,Ev,A,1,adult,red,Mv,Mv,4,low,1,1,Ev adult,a,m,D32f,0.19764146044263595,0.3239876232759416,0.00809691957077283,0.7949252998100574,0.00107927162469643
D4,2,fungicide,Ev,1,1,seedling,red,Mv,Mv,4,low,1,1,Ev seedling,s,m,D42f,0.2050144847399358,0.03675755779352217,0.01683909148600186,0.556834194490125,NA
D4,2,fungicide,Ev,2,1,seedling,red,Mv,Mv,4,low,1,1,Ev seedling,s,m,D42f,0.2050144847399358,0.03675755779352217,0.01683909148600186,0.556834194490125,NA
D4,2,fungicide,Ev,3,1,seedling,red,Mv,Mv,4,low,1,1,Ev seedling,s,m,D42f,0.2050144847399358,0.03675755779352217,0.01683909148600186,0.556834194490125,NA
D4,2,fungicide,Ev,A,1,adult,red,Mv,Mv,4,low,1,1,Ev adult,a,m,D42f,0.00889273439565457,0.12168482470039928,0.1188825518254158,0.8628523371294501,NA
D1,3,fungicide,Ev,1,1,seedling,red,Mv,Mv,16,medium,1,1,Ev seedling,s,m,D13f,0.03023706523037678,0.08497971698827546,0.05266000722585667,0.5020384991852724,NA
D1,3,fungicide,Ev,2,1,seedling,red,Mv,Mv,16,medium,1,1,Ev seedling,s,m,D13f,0.03023706523037678,0.08497971698827546,0.05266000722585667,0.5020384991852724,NA
D1,3,fungicide,Ev,3,1,seedling,red,Mv,Mv,16,medium,1,1,Ev seedling,s,m,D13f,0.03023706523037678,0.08497971698827546,0.05266000722585667,0.5020384991852724,NA
D1,3,fungicide,Ev,A,1,adult,red,Mv,Mv,16,medium,1,1,Ev adult,a,m,D13f,0.03253129450565924,0.2338772356026523,0.00579551778216218,0.1767851253298153,1.318201220277701e-5
D2,3,fungicide,Ev,1,1,seedling,red,Mv,Mv,16,medium,1,1,Ev seedling,s,m,D23f,0.06713239775153527,0.02425297397530903,0.00797589372447661,0.645026901661456,NA
D2,3,fungicide,Ev,2,1,seedling,red,Mv,Mv,16,medium,1,1,Ev seedling,s,m,D23f,0.06713239775153527,0.02425297397530903,0.00797589372447661,0.645026901661456,NA
D2,3,fungicide,Ev,3,1,seedling,red,Mv,Mv,16,medium,1,1,Ev seedling,s,m,D23f,0.06713239775153527,0.02425297397530903,0.00797589372447661,0.645026901661456,NA
D2,3,fungicide,Ev,A,1,adult,red,Mv,Mv,16,medium,1,1,Ev adult,a,m,D23f,0.00731916232717539,0.03375090322442176,0.00397637939229953,0.03226890493607178,7.648440120764844e-4
D3,3,fungicide,Ev,1,1,seedling,red,Mv,Mv,16,medium,1,1,Ev seedling,s,m,D33f,0.02756266719291539,0.02219099016897065,0.06604812044752992,0.5496137384892883,NA
D3,3,fungicide,Ev,2,1,seedling,red,Mv,Mv,16,medium,1,1,Ev seedling,s,m,D33f,0.02756266719291539,0.02219099016897065,0.06604812044752992,0.5496137384892883,NA
D3,3,fungicide,Ev,3,1,seedling,red,Mv,Mv,16,medium,1,1,Ev seedling,s,m,D33f,0.02756266719291539,0.02219099016897065,0.06604812044752992,0.5496137384892883,NA
D3,3,fungicide,Ev,A,1,adult,red,Mv,Mv,16,medium,1,1,Ev adult,a,m,D33f,0.01889395710031289,0.03346380644322927,0.01065394586072667,0.9519229574401988,NA
D4,3,fungicide,Ev,1,1,seedling,red,Mv,Mv,16,medium,1,1,Ev seedling,s,m,D43f,0.07701065724650687,0.00995635090260003,0.00597053083417263,0.464516275652322,NA
D4,3,fungicide,Ev,2,1,seedling,red,Mv,Mv,16,medium,1,1,Ev seedling,s,m,D43f,0.07701065724650687,0.00995635090260003,0.00597053083417263,0.464516275652322,NA
D4,3,fungicide,Ev,3,1,seedling,red,Mv,Mv,16,medium,1,1,Ev seedling,s,m,D43f,0.07701065724650687,0.00995635090260003,0.00597053083417263,0.464516275652322,NA
D4,3,fungicide,Ev,A,1,adult,red,Mv,Mv,16,medium,1,1,Ev adult,a,m,D43f,0.7646191934975913,0.01615607637887613,0.0570410640443639,0.3905058266466302,5.035056706457187e-4
D1,4,fungicide,Ev,1,1,seedling,red,Mv,Mv,64,high,1,1,Ev seedling,s,m,D14f,0.06536604075203446,0.06208277868266802,0.04972592612825829,0.4534125511571958,NA
D1,4,fungicide,Ev,2,1,seedling,red,Mv,Mv,64,high,1,1,Ev seedling,s,m,D14f,0.06536604075203446,0.06208277868266802,0.04972592612825829,0.4534125511571958,NA
D1,4,fungicide,Ev,3,1,seedling,red,Mv,Mv,64,high,1,1,Ev seedling,s,m,D14f,0.06536604075203446,0.06208277868266802,0.04972592612825829,0.4534125511571958,NA
D1,4,fungicide,Ev,A,1,adult,red,Mv,Mv,64,high,1,1,Ev adult,a,m,D14f,0.13350072808175012,0.08096208613557955,0.00337938669370458,NA,NA
D2,4,fungicide,Ev,1,1,seedling,red,Mv,Mv,64,high,1,1,Ev seedling,s,m,D24f,0.09516462935878024,0.01622662143922076,0.02412139253621821,0.6321746720940983,NA
D2,4,fungicide,Ev,2,1,seedling,red,Mv,Mv,64,high,1,1,Ev seedling,s,m,D24f,0.09516462935878024,0.01622662143922076,0.02412139253621821,0.6321746720940983,NA
D2,4,fungicide,Ev,3,1,seedling,red,Mv,Mv,64,high,1,1,Ev seedling,s,m,D24f,0.09516462935878024,0.01622662143922076,0.02412139253621821,0.6321746720940983,NA
D2,4,fungicide,Ev,A,1,adult,red,Mv,Mv,64,high,1,1,Ev adult,a,m,D24f,0.08835120710785652,0.0365587558216394,0.00992516171087599,0.5738722434479523,NA
D3,4,fungicide,Ev,1,1,seedling,red,Mv,Mv,64,high,1,1,Ev seedling,s,m,D34f,0.04895986515851914,0.03108766292672587,0.01438108596983741,0.2997678804221357,NA
D3,4,fungicide,Ev,2,1,seedling,red,Mv,Mv,64,high,1,1,Ev seedling,s,m,D34f,0.04895986515851914,0.03108766292672587,0.01438108596983741,0.2997678804221357,NA
D3,4,fungicide,Ev,3,1,seedling,red,Mv,Mv,64,high,1,1,Ev seedling,s,m,D34f,0.04895986515851914,0.03108766292672587,0.01438108596983741,0.2997678804221357,NA
D3,4,fungicide,Ev,A,1,adult,red,Mv,Mv,64,high,1,1,Ev adult,a,m,D34f,0.15692227409163356,0.08306116339533322,0.10423032974545796,NA,0.02853269173241896
D4,4,fungicide,Ev,1,1,seedling,red,Mv,Mv,64,high,1,1,Ev seedling,s,m,D44f,0.05494423299440817,0.03083658346884055,0.04407403707706107,0.5548755867806284,NA
D4,4,fungicide,Ev,2,1,seedling,red,Mv,Mv,64,high,1,1,Ev seedling,s,m,D44f,0.05494423299440817,0.03083658346884055,0.04407403707706107,0.5548755867806284,NA
D4,4,fungicide,Ev,3,1,seedling,red,Mv,Mv,64,high,1,1,Ev seedling,s,m,D44f,0.05494423299440817,0.03083658346884055,0.04407403707706107,0.5548755867806284,NA
D4,4,fungicide,Ev,A,1,adult,red,Mv,Mv,64,high,1,1,Ev adult,a,m,D44f,0.09896612438286864,0.00207371864609934,0.1311368923532433,0.6513507835805218,9.625343216964016e-4
D1,5,fungicide,Ev,1,1,seedling,red,Ev seedling,Ev,4,low,1,1,Ev seedling,s,s,D15f,0.12218770111030082,0.07311806946411999,0.05549426398116595,0.4371271905391496,NA
D1,5,fungicide,Ev,2,1,seedling,red,Ev seedling,Ev,4,low,1,1,Ev seedling,s,s,D15f,0.12218770111030082,0.07311806946411999,0.05549426398116595,0.4371271905391496,NA
D1,5,fungicide,Ev,3,1,seedling,red,Ev seedling,Ev,4,low,1,1,Ev seedling,s,s,D15f,0.12218770111030082,0.07311806946411999,0.05549426398116595,0.4371271905391496,NA
D1,5,fungicide,Ev,A,1,adult,red,Ev seedling,Ev,4,low,1,1,Ev adult,a,s,D15f,NA,0.06462991374012389,0.06433585048404948,0.7432473629656728,0.06466452069492958
D2,5,fungicide,Ev,1,1,seedling,red,Ev seedling,Ev,4,low,1,1,Ev seedling,s,s,D25f,0.06283468224483,0.03504851839960676,0.00365838209294272,0.421567255553612,NA
D2,5,fungicide,Ev,2,1,seedling,red,Ev seedling,Ev,4,low,1,1,Ev seedling,s,s,D25f,0.06283468224483,0.03504851839960676,0.00365838209294272,0.421567255553612,NA
D2,5,fungicide,Ev,3,1,seedling,red,Ev seedling,Ev,4,low,1,1,Ev seedling,s,s,D25f,0.06283468224483,0.03504851839960676,0.00365838209294272,0.421567255553612,NA
D2,5,fungicide,Ev,A,1,adult,red,Ev seedling,Ev,4,low,1,1,Ev adult,a,s,D25f,0.10713672566041398,0.02325581395348837,0.04800525801166864,0.945632018513299,0
D3,5,fungicide,Ev,1,1,seedling,red,Ev seedling,Ev,4,low,1,1,Ev seedling,s,s,D35f,0.09399755378007574,0.01411652682196962,0.04944284574803596,0.6118859037307333,NA
D3,5,fungicide,Ev,2,1,seedling,red,Ev seedling,Ev,4,low,1,1,Ev seedling,s,s,D35f,0.09399755378007574,0.01411652682196962,0.04944284574803596,0.6118859037307333,NA
D3,5,fungicide,Ev,3,1,seedling,red,Ev seedling,Ev,4,low,1,1,Ev seedling,s,s,D35f,0.09399755378007574,0.01411652682196962,0.04944284574803596,0.6118859037307333,NA
D3,5,fungicide,Ev,A,1,adult,red,Ev seedling,Ev,4,low,1,1,Ev adult,a,s,D35f,0.1610736156831013,0.07465798141179404,0.02235708981812112,0.4029512893982808,NA
D4,5,fungicide,Ev,1,1,seedling,red,Ev seedling,Ev,4,low,1,1,Ev seedling,s,s,D45f,0.07590504062238901,0.00372584182870437,0.0884278312352093,0.4222475669099756,NA
D4,5,fungicide,Ev,2,1,seedling,red,Ev seedling,Ev,4,low,1,1,Ev seedling,s,s,D45f,0.07590504062238901,0.00372584182870437,0.0884278312352093,0.4222475669099756,NA
D4,5,fungicide,Ev,3,1,seedling,red,Ev seedling,Ev,4,low,1,1,Ev seedling,s,s,D45f,0.07590504062238901,0.00372584182870437,0.0884278312352093,0.4222475669099756,NA
D1,6,fungicide,Ev,1,1,seedling,red,Ev seedling,Ev,8,medium,1,1,Ev seedling,s,s,D16f,0.01943744048171861,0.0689160198233892,0.01429736582320621,0.35990288654045965,NA
D1,6,fungicide,Ev,2,1,seedling,red,Ev seedling,Ev,8,medium,1,1,Ev seedling,s,s,D16f,0.01943744048171861,0.0689160198233892,0.01429736582320621,0.35990288654045965,NA
D1,6,fungicide,Ev,3,1,seedling,red,Ev seedling,Ev,8,medium,1,1,Ev seedling,s,s,D16f,0.01943744048171861,0.0689160198233892,0.01429736582320621,0.35990288654045965,NA
D1,6,fungicide,Ev,A,1,adult,red,Ev seedling,Ev,8,medium,1,1,Ev adult,a,s,D16f,0.07076780443244643,NA,0.15778935447807974,0.9613248710829037,2.894165248239144e-4
D2,6,fungicide,Ev,1,1,seedling,red,Ev seedling,Ev,8,medium,1,1,Ev seedling,s,s,D26f,NA,0.01273443888163651,0.02068525210747379,0.6271414662440701,NA
D2,6,fungicide,Ev,2,1,seedling,red,Ev seedling,Ev,8,medium,1,1,Ev seedling,s,s,D26f,NA,0.01273443888163651,0.02068525210747379,0.6271414662440701,NA
D2,6,fungicide,Ev,3,1,seedling,red,Ev seedling,Ev,8,medium,1,1,Ev seedling,s,s,D26f,NA,0.01273443888163651,0.02068525210747379,0.6271414662440701,NA
D3,6,fungicide,Ev,1,1,seedling,red,Ev seedling,Ev,8,medium,1,1,Ev seedling,s,s,D36f,0.19290904430224565,0.03358708404295569,0.05541905488649094,0.8114138402634415,NA
D3,6,fungicide,Ev,2,1,seedling,red,Ev seedling,Ev,8,medium,1,1,Ev seedling,s,s,D36f,0.19290904430224565,0.03358708404295569,0.05541905488649094,0.8114138402634415,NA
D3,6,fungicide,Ev,3,1,seedling,red,Ev seedling,Ev,8,medium,1,1,Ev seedling,s,s,D36f,0.19290904430224565,0.03358708404295569,0.05541905488649094,0.8114138402634415,NA
D3,6,fungicide,Ev,A,1,adult,red,Ev seedling,Ev,8,medium,1,1,Ev adult,a,s,D36f,0.1913823745075376,0.08537728870207642,0.1436749949661341,0.49555056472349707,NA
D4,6,fungicide,Ev,1,1,seedling,red,Ev seedling,Ev,8,medium,1,1,Ev seedling,s,s,D46f,0.26281172386229906,0.03307789886488235,0.00574933118695496,0.627428347629024,NA
D4,6,fungicide,Ev,2,1,seedling,red,Ev seedling,Ev,8,medium,1,1,Ev seedling,s,s,D46f,0.26281172386229906,0.03307789886488235,0.00574933118695496,0.627428347629024,NA
D4,6,fungicide,Ev,3,1,seedling,red,Ev seedling,Ev,8,medium,1,1,Ev seedling,s,s,D46f,0.26281172386229906,0.03307789886488235,0.00574933118695496,0.627428347629024,NA
D4,6,fungicide,Ev,A,1,adult,red,Ev seedling,Ev,8,medium,1,1,Ev adult,a,s,D46f,0.2619518034723583,0.09883894446990872,0.03388217721560656,0.8696642738656215,0.00112638883171179
D1,7,fungicide,Ev,1,1,seedling,red,Ev seedling,Ev,16,high,1,1,Ev seedling,s,s,D17f,0.06123955723166434,0.09437871839102945,0.03935705134370358,0.5518467380977374,NA
D1,7,fungicide,Ev,2,1,seedling,red,Ev seedling,Ev,16,high,1,1,Ev seedling,s,s,D17f,0.06123955723166434,0.09437871839102945,0.03935705134370358,0.5518467380977374,NA
D1,7,fungicide,Ev,3,1,seedling,red,Ev seedling,Ev,16,high,1,1,Ev seedling,s,s,D17f,0.06123955723166434,0.09437871839102945,0.03935705134370358,0.5518467380977374,NA
D1,7,fungicide,Ev,A,1,adult,red,Ev seedling,Ev,16,high,1,1,Ev adult,a,s,D17f,0.03331711833657633,0.25645078632971396,0.00248854152996699,0.2620231101930153,NA
D2,7,fungicide,Ev,1,1,seedling,red,Ev seedling,Ev,16,high,1,1,Ev seedling,s,s,D27f,0.09954086023799873,0.04684149966478299,0.11806621359077646,0.35604204804952155,NA
D2,7,fungicide,Ev,2,1,seedling,red,Ev seedling,Ev,16,high,1,1,Ev seedling,s,s,D27f,0.09954086023799873,0.04684149966478299,0.11806621359077646,0.35604204804952155,NA
D2,7,fungicide,Ev,3,1,seedling,red,Ev seedling,Ev,16,high,1,1,Ev seedling,s,s,D27f,0.09954086023799873,0.04684149966478299,0.11806621359077646,0.35604204804952155,NA
D2,7,fungicide,Ev,A,1,adult,red,Ev seedling,Ev,16,high,1,1,Ev adult,a,s,D27f,0.03503853757929557,0.01010868623884991,0.18859601390128347,0.4825703400362651,0.02260842171584584
D3,7,fungicide,Ev,1,1,seedling,red,Ev seedling,Ev,16,high,1,1,Ev seedling,s,s,D37f,0.26448581898372814,0.16357800609920117,0.2866439851567262,0.8183962594319151,NA
D3,7,fungicide,Ev,2,1,seedling,red,Ev seedling,Ev,16,high,1,1,Ev seedling,s,s,D37f,0.26448581898372814,0.16357800609920117,0.2866439851567262,0.8183962594319151,NA
D3,7,fungicide,Ev,3,1,seedling,red,Ev seedling,Ev,16,high,1,1,Ev seedling,s,s,D37f,0.26448581898372814,0.16357800609920117,0.2866439851567262,0.8183962594319151,NA
D3,7,fungicide,Ev,A,1,adult,red,Ev seedling,Ev,16,high,1,1,Ev adult,a,s,D37f,0.28609608161759015,0.02559194466400652,0.06221182105870723,0.5175736132474709,0.00400907102939985
D4,7,fungicide,Ev,1,1,seedling,red,Ev seedling,Ev,16,high,1,1,Ev seedling,s,s,D47f,0.11634223836346608,0.03502746817301754,0.1110682313210639,0.7395061152680332,NA
D4,7,fungicide,Ev,2,1,seedling,red,Ev seedling,Ev,16,high,1,1,Ev seedling,s,s,D47f,0.11634223836346608,0.03502746817301754,0.1110682313210639,0.7395061152680332,NA
D4,7,fungicide,Ev,3,1,seedling,red,Ev seedling,Ev,16,high,1,1,Ev seedling,s,s,D47f,0.11634223836346608,0.03502746817301754,0.1110682313210639,0.7395061152680332,NA
D4,7,fungicide,Ev,A,1,adult,red,Ev seedling,Ev,16,high,1,1,Ev adult,a,s,D47f,0.4198855997359375,0.18368108057405497,0.02326863021247933,0.3267407560601278,9.682762467371176e-4
D1,8,fungicide,Ev,1,1,seedling,red,Ev adult,Ev,2,low,1,1,Ev seedling,s,a,D18f,0.01463208355098806,0.05336576491794229,0.03001381086698321,0.4032540618418578,NA
D1,8,fungicide,Ev,2,1,seedling,red,Ev adult,Ev,2,low,1,1,Ev seedling,s,a,D18f,0.01463208355098806,0.05336576491794229,0.03001381086698321,0.4032540618418578,NA
D1,8,fungicide,Ev,3,1,seedling,red,Ev adult,Ev,2,low,1,1,Ev seedling,s,a,D18f,0.01463208355098806,0.05336576491794229,0.03001381086698321,0.4032540618418578,NA
D1,8,fungicide,Ev,A,1,adult,red,Ev adult,Ev,2,low,1,1,Ev adult,a,a,D18f,0.01538637974281538,NA,0.09184087463432342,0.3208627280355533,7.350199591328902e-5
D2,8,fungicide,Ev,1,1,seedling,red,Ev adult,Ev,2,low,1,1,Ev seedling,s,a,D28f,0.07822925527784151,0.01063720847338313,0.0015148187466114,0.7136882941588066,NA
D2,8,fungicide,Ev,2,1,seedling,red,Ev adult,Ev,2,low,1,1,Ev seedling,s,a,D28f,0.07822925527784151,0.01063720847338313,0.0015148187466114,0.7136882941588066,NA
D2,8,fungicide,Ev,3,1,seedling,red,Ev adult,Ev,2,low,1,1,Ev seedling,s,a,D28f,0.07822925527784151,0.01063720847338313,0.0015148187466114,0.7136882941588066,NA
D2,8,fungicide,Ev,A,1,adult,red,Ev adult,Ev,2,low,1,1,Ev adult,a,a,D28f,0.5664522083467988,0.11274672818120972,0.00675419475950321,0.5551115862621943,4.122173872557842e-5
D3,8,fungicide,Ev,1,1,seedling,red,Ev adult,Ev,2,low,1,1,Ev seedling,s,a,D38f,0.08437154696132597,0.03205797200778416,0.1661996665719754,0.7367369598423056,NA
D3,8,fungicide,Ev,2,1,seedling,red,Ev adult,Ev,2,low,1,1,Ev seedling,s,a,D38f,0.08437154696132597,0.03205797200778416,0.1661996665719754,0.7367369598423056,NA
D3,8,fungicide,Ev,3,1,seedling,red,Ev adult,Ev,2,low,1,1,Ev seedling,s,a,D38f,0.08437154696132597,0.03205797200778416,0.1661996665719754,0.7367369598423056,NA
D3,8,fungicide,Ev,A,1,adult,red,Ev adult,Ev,2,low,1,1,Ev adult,a,a,D38f,0.5509005032907472,0.16011619749591793,0.132271651113196,0.722240353234786,0.00985255181664171
D4,8,fungicide,Ev,1,1,seedling,red,Ev adult,Ev,2,low,1,1,Ev seedling,s,a,D48f,0.1987282450801313,0.02779450077304915,0.00947335302651588,0.35929328796119153,NA
D4,8,fungicide,Ev,2,1,seedling,red,Ev adult,Ev,2,low,1,1,Ev seedling,s,a,D48f,0.1987282450801313,0.02779450077304915,0.00947335302651588,0.35929328796119153,NA
D4,8,fungicide,Ev,3,1,seedling,red,Ev adult,Ev,2,low,1,1,Ev seedling,s,a,D48f,0.1987282450801313,0.02779450077304915,0.00947335302651588,0.35929328796119153,NA
D4,8,fungicide,Ev,A,1,adult,red,Ev adult,Ev,2,low,1,1,Ev adult,a,a,D48f,0.08578924589169147,0.05074193580024126,0.01663769641484477,0.4424646887882679,NA
D1,9,fungicide,Ev,1,1,seedling,red,Ev adult,Ev,4,medium,1,1,Ev seedling,s,a,D19f,0.01028071563980833,0.17395713633028284,0.08072681190616718,0.3723416020974426,NA
D1,9,fungicide,Ev,2,1,seedling,red,Ev adult,Ev,4,medium,1,1,Ev seedling,s,a,D19f,0.01028071563980833,0.17395713633028284,0.08072681190616718,0.3723416020974426,NA
D1,9,fungicide,Ev,3,1,seedling,red,Ev adult,Ev,4,medium,1,1,Ev seedling,s,a,D19f,0.01028071563980833,0.17395713633028284,0.08072681190616718,0.3723416020974426,NA
D1,9,fungicide,Ev,A,1,adult,red,Ev adult,Ev,4,medium,1,1,Ev adult,a,a,D19f,0.00921166805216515,0.10966487583123569,0.19818062936690767,0.9468215380379256,0.00823627321932809
D2,9,fungicide,Ev,1,1,seedling,red,Ev adult,Ev,4,medium,1,1,Ev seedling,s,a,D29f,NA,0.01949979359362473,0.00556065466163457,NA,NA
D2,9,fungicide,Ev,2,1,seedling,red,Ev adult,Ev,4,medium,1,1,Ev seedling,s,a,D29f,NA,0.01949979359362473,0.00556065466163457,NA,NA
D2,9,fungicide,Ev,3,1,seedling,red,Ev adult,Ev,4,medium,1,1,Ev seedling,s,a,D29f,NA,0.01949979359362473,0.00556065466163457,NA,NA
D2,9,fungicide,Ev,A,1,adult,red,Ev adult,Ev,4,medium,1,1,Ev adult,a,a,D29f,0.241775962324886,0.05615248403219927,1.1186832611632084e-4,0.1898461103745082,1.4790231994060992e-4
D3,9,fungicide,Ev,1,1,seedling,red,Ev adult,Ev,4,medium,1,1,Ev seedling,s,a,D39f,0.3351042598997452,0.02661241781222147,0.0405853778515649,0.5849010726947427,NA
D3,9,fungicide,Ev,2,1,seedling,red,Ev adult,Ev,4,medium,1,1,Ev seedling,s,a,D39f,0.3351042598997452,0.02661241781222147,0.0405853778515649,0.5849010726947427,NA
D3,9,fungicide,Ev,3,1,seedling,red,Ev adult,Ev,4,medium,1,1,Ev seedling,s,a,D39f,0.3351042598997452,0.02661241781222147,0.0405853778515649,0.5849010726947427,NA
D3,9,fungicide,Ev,A,1,adult,red,Ev adult,Ev,4,medium,1,1,Ev adult,a,a,D39f,0.5091643411070131,0.23503193040022485,0.5568447868642801,0.4712163496023285,0.08449260034416234
D4,9,fungicide,Ev,1,1,seedling,red,Ev adult,Ev,4,medium,1,1,Ev seedling,s,a,D49f,0.19245827185847977,0.13424698120898368,0.00705217175332739,0.6339079598452599,NA
D4,9,fungicide,Ev,2,1,seedling,red,Ev adult,Ev,4,medium,1,1,Ev seedling,s,a,D49f,0.19245827185847977,0.13424698120898368,0.00705217175332739,0.6339079598452599,NA
D4,9,fungicide,Ev,3,1,seedling,red,Ev adult,Ev,4,medium,1,1,Ev seedling,s,a,D49f,0.19245827185847977,0.13424698120898368,0.00705217175332739,0.6339079598452599,NA
D4,9,fungicide,Ev,A,1,adult,red,Ev adult,Ev,4,medium,1,1,Ev adult,a,a,D49f,0.1810917702278752,0.15614553335176778,0.03135648957395342,NA,0.03490551454192549
D1,10,fungicide,Ev,1,1,seedling,red,Ev adult,Ev,8,high,1,1,Ev seedling,s,a,D110f,0.03721022104546946,0.1320450546257336,0.46616669678343464,0.6886124864146841,NA
D1,10,fungicide,Ev,2,1,seedling,red,Ev adult,Ev,8,high,1,1,Ev seedling,s,a,D110f,0.03721022104546946,0.1320450546257336,0.46616669678343464,0.6886124864146841,NA
D1,10,fungicide,Ev,3,1,seedling,red,Ev adult,Ev,8,high,1,1,Ev seedling,s,a,D110f,0.03721022104546946,0.1320450546257336,0.46616669678343464,0.6886124864146841,NA
D1,10,fungicide,Ev,A,1,adult,red,Ev adult,Ev,8,high,1,1,Ev adult,a,a,D110f,0.0506544968521621,0,9.083745798767568e-5,NA,0.01185116966755119
D2,10,fungicide,Ev,1,1,seedling,red,Ev adult,Ev,8,high,1,1,Ev seedling,s,a,D210f,0.0578419676289357,0.08045817101323201,0.03513507934545439,0.7642409091205787,NA
D2,10,fungicide,Ev,2,1,seedling,red,Ev adult,Ev,8,high,1,1,Ev seedling,s,a,D210f,0.0578419676289357,0.08045817101323201,0.03513507934545439,0.7642409091205787,NA
D2,10,fungicide,Ev,3,1,seedling,red,Ev adult,Ev,8,high,1,1,Ev seedling,s,a,D210f,0.0578419676289357,0.08045817101323201,0.03513507934545439,0.7642409091205787,NA
D3,10,fungicide,Ev,1,1,seedling,red,Ev adult,Ev,8,high,1,1,Ev seedling,s,a,D310f,0.4788521017884453,0.10812815804109158,0.18380207539492216,NA,NA
D3,10,fungicide,Ev,2,1,seedling,red,Ev adult,Ev,8,high,1,1,Ev seedling,s,a,D310f,0.4788521017884453,0.10812815804109158,0.18380207539492216,NA,NA
D3,10,fungicide,Ev,3,1,seedling,red,Ev adult,Ev,8,high,1,1,Ev seedling,s,a,D310f,0.4788521017884453,0.10812815804109158,0.18380207539492216,NA,NA
D3,10,fungicide,Ev,A,1,adult,red,Ev adult,Ev,8,high,1,1,Ev adult,a,a,D310f,0.6022271208556572,0.12104047368813446,0.16693693957400307,NA,0.01094137089037075
D4,10,fungicide,Ev,1,1,seedling,red,Ev adult,Ev,8,high,1,1,Ev seedling,s,a,D410f,0.25714157197048576,0.07736125927402027,0.02925703535151884,0.6162548065235066,NA
D4,10,fungicide,Ev,2,1,seedling,red,Ev adult,Ev,8,high,1,1,Ev seedling,s,a,D410f,0.25714157197048576,0.07736125927402027,0.02925703535151884,0.6162548065235066,NA
D4,10,fungicide,Ev,3,1,seedling,red,Ev adult,Ev,8,high,1,1,Ev seedling,s,a,D410f,0.25714157197048576,0.07736125927402027,0.02925703535151884,0.6162548065235066,NA
D4,10,fungicide,Ev,A,1,adult,red,Ev adult,Ev,8,high,1,1,Ev adult,a,a,D410f,NA,0.14852333826852646,0.11315838349248354,NA,NA
